molecule_chembl_id,smiles,standard_type,standard_relation,standard_value,standard_units
CHEMBL465277,CC1=C(C(=O)N2CCCCC2)C(c2ccc(Cl)c(Cl)c2)n2nccc2N1,IC50,'=',90.0,nM
CHEMBL467041,CCc1ccc(S(=O)(=O)N[C@@H]2c3cc(NC(=O)c4ccc(OC)cc4)ccc3CC[C@H]2O)cc1,IC50,'=',450.0,nM
CHEMBL494025,CCc1ccc(S(=O)(=O)N[C@@H]2c3cc(NC(=O)[C@H]4CCCN4Cc4cccc(OC)c4)ccc3CC[C@H]2O)cc1,IC50,'=',300.0,nM
CHEMBL465276,CC1=C(C(=O)N2CCCC2)C(c2ccc(Cl)c(Cl)c2)n2nccc2N1,IC50,'=',660.0,nM
CHEMBL1090818,OC(c1cccnc1)(c1cccnc1)C(c1ccccc1)N1CCC1,IC50,'=',2222.0,nM
CHEMBL1088844,CC(C)[C@@H]1CC[C@@H](C)C[C@@H]1P(=O)(c1ccccc1)c1ccccc1,IC50,'=',500.0,nM
CHEMBL216310,COC(=O)CC(c1cccnc1)C(C(=O)N(C(C)C)C(C)C)c1cccnc1,IC50,'=',708.0,nM
CHEMBL228329,CCc1ccc(S(=O)(=O)N[C@@H]2c3cc(C(=O)NCCc4ccccc4)ccc3OC(C)(C)[C@H]2O)cc1,IC50,'=',260.0,nM
CHEMBL438665,CCc1ccc(S(=O)(=O)N[C@H]2c3cc(C(=O)N(CC)[C@H]4CCN(Cc5ccccc5)C4)ccc3OC(C)(C)[C@@H]2O)cc1,IC50,'=',200.0,nM
CHEMBL228441,Cc1ccc(S(=O)(=O)N[C@@H]2c3cc(C(=O)NCCc4ccccc4)ccc3OC(C)(C)[C@H]2O)cc1,IC50,'=',400.0,nM
CHEMBL228386,CC1(C)Oc2ccc(C(=O)NCCc3ccccc3)cc2[C@@H](NS(=O)(=O)c2ccccc2)[C@@H]1O,IC50,'>',1000.0,nM
CHEMBL375475,O=C1CCN([C@H]2CCCC[C@@H]2OCCc2cccc3ccccc23)C1,IC50,'=',7700.0,nM
CHEMBL3262814,Cc1ccccc1OCCN1CCN(CC(=O)Nc2ccccc2)CC1,IC50,'=',11820.0,nM
CHEMBL3262833,O=C(CN1CCN(CCOc2ccc(OC(F)(F)F)cc2)CC1)Nc1nccs1,IC50,'=',2290.0,nM
CHEMBL3262803,O=C(c1cccs1)N1CCN(CCOc2ccc(Cl)cc2Cl)CC1,IC50,'=',1480.0,nM
CHEMBL3127405,NC(=O)c1ccc(N(Cc2ccc(F)cc2)S(=O)(=O)c2ccccc2F)cc1,IC50,'=',2200.0,nM
CHEMBL3622353,COc1cccc2c1C(NC[C@]1(c3ccccc3)CC[C@H](OC(=O)NCCO)CC1)=NS2(=O)=O,IC50,'>',10000.0,nM
CHEMBL3622354,CCOP(=O)(NC(=O)O[C@H]1CC[C@](CNC2=NS(=O)(=O)c3cccc(OC)c32)(c2ccccc2)CC1)OCC,IC50,'>',10000.0,nM
CHEMBL3623052,CCN(CC)S(=O)(=O)N[C@H]1CC[C@](CNC2=NS(=O)(=O)c3cccc(OC)c32)(c2ccccc2)CC1,IC50,'=',52.0,nM
CHEMBL148258,CC(C)CCNC(=O)c1ccccc1-c1ccccc1CNC(=O)OC(C)(C)C,IC50,'=',3500.0,nM
CHEMBL3262797,O=C(c1cccs1)N1CCN(CCOc2ccccc2)CC1,IC50,'=',37500.0,nM
CHEMBL3262811,Cc1ccc(C(=O)N2CCN(CCOc3ccc(Cl)cc3)CC2)cc1,IC50,'=',4510.0,nM
CHEMBL2312920,CCCN(c1cccc(C#N)c1)P(=O)(c1ccccc1)c1ccccc1,IC50,'=',200.0,nM
CHEMBL3786683,Cc1c(OCF)ccc2c1C(=O)N(Cc1ccccc1-c1ccccc1)C2C(=O)NC(C)(C)C,IC50,'=',1700.0,nM
CHEMBL3786542,CC(C)(C)NC(=O)C1c2ccccc2C(=O)N1Cc1ccccc1-c1ccccc1,IC50,'=',900.0,nM
CHEMBL3787444,CC(CN1C(=O)c2ccccc2C1C(=O)NCC(F)F)c1ccc(Cl)cc1,IC50,'=',1200.0,nM
CHEMBL258719,CCc1ccc(S(=O)(=O)N[C@@H]2c3cc(C(=O)N(CC)Cc4ccc(C)cc4)cnc3OC(C)(C)[C@H]2O)cc1,IC50,'=',1560.0,nM
CHEMBL217133,CCc1c(C)[nH]c2c1/C(=N/NC(=O)Nc1ccccc1)CCC2,IC50,'=',130.0,nM
CHEMBL384309,COC(=O)CC(c1ccccc1)C(C(=O)N(C(C)C)C(C)C)c1ccncc1,IC50,'=',13760.0,nM
CHEMBL386441,COC(=O)CC(c1cccc(-c2c(C)noc2C)c1)C(C(=O)N(C(C)C)C(C)C)c1cccnc1,IC50,'=',113.0,nM
CHEMBL3262813,O=C(CN1CCN(CCOc2ccccc2)CC1)Nc1ccccc1,IC50,'=',28570.0,nM
CHEMBL3262817,N#Cc1ccc(OCCN2CCN(CC(=O)Nc3ccccc3)CC2)cc1,IC50,'=',9100.0,nM
CHEMBL3262830,Cc1cccc(C)c1OCCN1CCN(CC(=O)Nc2nccs2)CC1,IC50,'=',85930.0,nM
CHEMBL218128,CC(NC(=O)CC(c1ccccc1)C(C(=O)N(C(C)C)C(C)C)c1cccnc1)c1ccccc1,IC50,'=',249.0,nM
CHEMBL384095,COc1ccc(CNC(=O)NCC(c2ccccc2)C(C(=O)N(C(C)C)C(C)C)c2cccnc2)cc1,IC50,'=',256.0,nM
CHEMBL3355573,N[C@@H](Cn1c(=O)cnc2ccc(F)cc21)[C@H]1CC[C@H](NCc2ncc3c(n2)NC(=O)CO3)CC1,IC50,'>',100000.0,nM
CHEMBL3262796,O=C(c1cccs1)N1CCN(c2ccc(OC(F)(F)F)cc2)CC1,IC50,'=',48360.0,nM
CHEMBL3262828,Cc1ccc(OCCN2CCN(CC(=O)Nc3nccs3)CC2)c(C)c1,IC50,'=',17160.0,nM
CHEMBL3262836,N#Cc1ccc(OCCN2CCN(CC(=O)Nc3nccs3)CC2)cc1,IC50,'=',970.0,nM
CHEMBL3262839,O=C(CN1CCN(CCOc2ccc3ccccc3c2)CC1)Nc1nccs1,IC50,'=',68030.0,nM
CHEMBL383947,COc1ccc(CCN2C(=O)CSC23CCc2cc(Cl)ccc23)cc1,IC50,'=',812.0,nM
CHEMBL387104,O=C1CSC(c2ccc(Cl)c(Cl)c2)N1OCc1ccccc1,IC50,'=',463.0,nM
CHEMBL3261431,Nc1nc(/C=C/CNC(=O)c2cc3cc(F)ccc3[nH]2)c[nH]1,IC50,'>',30000.0,nM
CHEMBL4438854,c1ccc([C@H]([C@@H](c2ccccn2)N2CCCCC2)N2CCCCC2)nc1,IC50,'=',2200.0,nM
CHEMBL480807,CCCN(CCC)C(=O)C1=C(C)Nc2ccnn2C1c1ccc(Cl)c(Cl)c1,IC50,'=',70.0,nM
CHEMBL583857,CC1=C(c2nc3cccc(C)c3[nH]2)C(c2ccc(Cl)c(Cl)c2)n2nccc2N1,IC50,'=',150.0,nM
CHEMBL3730396,CCN1C(=O)C(C)(C)C(=O)N(C)c2cc(OCCCN(CCn3ccc4occc4c3=O)Cc3ccc(C)nc3C)ccc21.Cl.Cl,IC50,'=',760.0,nM
CHEMBL3730685,CCCc1ncccc1CN(CCCOc1ccc2c(c1)N(C)C(=O)C(C)(C)C(=O)N2CC)CCn1ccc2oc(C)cc2c1=O.Cl.Cl,IC50,'=',310.0,nM
CHEMBL3728819,CCN1C(=O)C(C)(C)C(=O)N(C)c2cc(OCCCN(CCn3ccc4sccc4c3=O)Cc3cccnc3)ccc21,IC50,'=',420.0,nM
CHEMBL3785486,CCCCNC(=O)C1c2ccccc2C(=O)N1CC(C)c1ccc(Cl)cc1,IC50,'=',700.0,nM
CHEMBL2332456,COc1ccccc1-n1ncnc1C1=C(C)Nc2ccnn2[C@@H]1c1ccc(Cl)c(Cl)c1,IC50,'=',116.0,nM
CHEMBL2107383,COc1ccc(CCO[C@@H]2CCCC[C@H]2N2CC[C@@H](O)C2)cc1OC.Cl,IC50,'=',3200.0,nM
CHEMBL301692,COc1ccc(-c2cc(=O)c3cc(Cl)ccc3o2)cc1,IC50,'=',23500.0,nM
CHEMBL2440387,COc1ccc2c(c1)c(/C=N/NS(=O)(=O)c1ccc(C)cc1)cn2CC(=O)Nc1ccc(Cl)cc1,IC50,'=',510.0,nM
CHEMBL2440385,CCC(=O)Oc1ccc(NC(=O)Cn2cc(/C=N/NS(=O)(=O)c3ccc(C)cc3)c3ccccc32)cc1,IC50,'=',2140.0,nM
CHEMBL2440384,Cc1ccc(S(=O)(=O)N/N=C/c2cn(CC(=O)Nc3ccc(F)cc3F)c3ccccc23)cc1,IC50,'=',250.0,nM
CHEMBL2440383,Cc1ccc(S(=O)(=O)N/N=C/c2cn(CC(=O)Nc3ccccc3Cl)c3ccccc23)cc1,IC50,'=',740.0,nM
CHEMBL2440391,CCCCOc1ccc(S(=O)(=O)NC(Cc2c[nH]c3ccccc23)C(=O)O)cc1,IC50,'=',65420.0,nM
CHEMBL585163,COc1ccc(CCN2C(=O)N(NS(C)(=O)=O)CC2c2ccc(C)c(C)c2)cc1,IC50,'=',610.0,nM
CHEMBL571952,COc1ccc(CCN2C(=O)N(NS(C)(=O)=O)CC2c2ccc(OC(C)C)cc2)cc1,IC50,'=',240.0,nM
CHEMBL319775,Cc1ccc(S(=O)(=O)Nc2ccccc2C(=O)NC(c2ccccc2)C2CC2)cc1,IC50,'=',1600.0,nM
CHEMBL3785865,Cc1c(O)ccc2c1C(=O)N(Cc1ccccc1-c1ccccc1)C2C(=O)NC(C)(C)C,IC50,'=',3200.0,nM
CHEMBL3785335,CC(C)(C)NC(=O)C1c2ccccc2C(=O)N1Cc1ccc(F)cc1-c1ccccc1,IC50,'=',800.0,nM
CHEMBL3785427,CC(C)(CN1C(=O)c2ccccc2C1C(=O)NCC(F)F)c1ccc(F)cc1,IC50,'=',1200.0,nM
CHEMBL4088894,Nc1cccc(C(Cc2cccnc2-c2cccc(C(F)(F)F)c2)c2cccnc2)n1,IC50,'=',56.0,nM
CHEMBL4094570,OC(c1cccnc1-c1cccc(Cl)c1)C(c1cccnc1)c1ncco1,IC50,'=',276.0,nM
CHEMBL1090794,OC(c1cccnc1)(c1cccnc1)C(c1ccccc1)N1CCOCC1,IC50,'=',256.0,nM
CHEMBL3127398,CN1C(=O)CC[C@H]1CN(Cc1ccc(F)cc1)S(=O)(=O)c1cccc(C#N)c1,IC50,'=',810.0,nM
CHEMBL3786255,CC(c1ccccc1)N1C(=O)c2ccccc2C1C(=O)NCc1ccccc1,IC50,'=',6000.0,nM
CHEMBL3786542,CC(C)(C)NC(=O)C1c2ccccc2C(=O)N1Cc1ccccc1-c1ccccc1,IC50,'=',3400.0,nM
CHEMBL3786093,CC(C)(C)NC(=O)C1c2cc(Cl)ccc2C(=O)N1C(c1cccnc1)c1cccnc1,IC50,'>',32000.0,nM
CHEMBL3785555,COc1ccc2c(c1)C(=O)N(Cc1ccccc1-c1ccccc1)C2C(=O)NC(C)(C)C,IC50,'=',11300.0,nM
CHEMBL3786868,CC(C)(C)NC(=O)C1c2cc(C#N)ccc2C(=O)N1Cc1ccccc1-c1ccccc1,IC50,'=',3300.0,nM
CHEMBL3786519,CC(C)(C)NC(=O)C1c2ccccc2C(=O)N1Cc1ccc(F)cc1-c1ccc(F)cc1,IC50,'=',1400.0,nM
CHEMBL2331983,CC1=C(c2ncnn2C2CCC(C(F)(F)F)CC2)[C@@H](c2ccc(Cl)c(Cl)c2)n2nc(C(F)(F)F)cc2N1,IC50,'=',133.0,nM
CHEMBL2332449,CCOc1cccc(-n2ncnc2C2=C(C)Nc3cc(C(F)(F)F)nn3[C@@H]2c2ccc(Cl)c(Cl)c2)n1,IC50,'=',223.0,nM
CHEMBL2332448,COc1cccc(-n2ncnc2C2=C(C)Nc3cc(C(F)(F)F)nn3[C@@H]2c2ccc(Cl)c(Cl)c2)n1,IC50,'=',87.0,nM
CHEMBL2332447,CC1=C(c2ncnn2-c2cccc(C)n2)[C@@H](c2ccc(Cl)c(Cl)c2)n2nc(C(F)(F)F)cc2N1,IC50,'=',211.0,nM
CHEMBL2331998,CC1=C(c2ncnn2C2CCC2)[C@@H](c2ccc(Cl)c(Cl)c2)n2nc(C(C)(C)C)cc2N1,IC50,'=',283.0,nM
CHEMBL2331996,CC1=C(c2ncnn2C2CCC2)[C@@H](c2ccc(Cl)c(Cl)c2)n2nc(C)cc2N1,IC50,'=',94.0,nM
CHEMBL2331992,CC1=C(c2ncnn2CC(F)(F)F)[C@@H](c2ccc(Cl)c(Cl)c2)n2nccc2N1,IC50,'=',200.0,nM
CHEMBL2331987,CC1=C(c2ncnn2C2CCCCC2)[C@@H](c2ccc(Cl)c(Cl)c2)n2nccc2N1,IC50,'=',59.0,nM
CHEMBL228813,CCc1ccc(S(=O)(=O)N[C@@H]2c3cc(C(=O)N(CC)[C@@H]4CCN(Cc5ccccc5)C4)ccc3OC(C)(C)[C@H]2O)cc1,IC50,'=',210.0,nM
CHEMBL389096,CCc1ccc(S(=O)(=O)N[C@@H]2c3cc(C(=O)N(CC)[C@H]4CCN(Cc5ccccc5)C4)ccc3OC(C)(C)[C@H]2O)cc1,IC50,'=',170.0,nM
CHEMBL231203,CCc1ccc(S(=O)(=O)N[C@@H]2c3cc(NC(=O)c4cccc(OC)c4)ccc3OC(C)(C)[C@H]2O)cc1,IC50,'=',290.0,nM
CHEMBL98077,Cc1ccc(S(=O)(=O)Nc2ccccc2C(=O)N(CCCn2ccnc2)Cc2ccccc2)cc1,IC50,'=',8500.0,nM
CHEMBL3127410,O=C1CC[C@@H](CN(Cc2ccc(F)cc2)S(=O)(=O)c2cccc(F)c2)N1,IC50,'=',7200.0,nM
CHEMBL3622355,COc1cccc2c1C(NC[C@]1(c3ccccc3)CC[C@H](OC(=O)Nc3ccc(N(C)C)cc3)CC1)=NS2(=O)=O,IC50,'=',30.0,nM
CHEMBL3262810,Cc1ccc(C(=O)N2CCN(CCOc3ccccc3)CC2)cc1,IC50,'=',7140.0,nM
CHEMBL3262822,Cc1ccc(NC(=O)CN2CCN(CCOc3ccc(C#N)cc3)CC2)cc1,IC50,'=',4490.0,nM
CHEMBL3262799,Cc1ccccc1OCCN1CCN(C(=O)c2cccs2)CC1,IC50,'=',13530.0,nM
CHEMBL3262835,O=C(CN1CCN(CCOc2ccccc2Cl)CC1)Nc1nccs1,IC50,'=',3390.0,nM
CHEMBL3968881,COc1ccc(C(=O)Oc2cc(O)cc3oc(-c4ccc(OC)cc4)cc(=O)c23)cc1,IC50,'=',2040.0,nM
CHEMBL3262829,Cc1ccc(OCCN2CCN(CC(=O)Nc3nccs3)CC2)cc1C,IC50,'=',50240.0,nM
CHEMBL3622351,COc1cccc2c1C(NC[C@]1(c3ccccc3)CC[C@H](OC(=O)Nc3nnc(C4CC4)s3)CC1)=NS2(=O)=O,IC50,'=',92.0,nM
CHEMBL3622362,CCS(=O)(=O)N[C@H]1CC[C@](CNC2=NS(=O)(=O)c3cccc(OC)c32)(c2ccccc2)CC1,IC50,'=',60.0,nM
CHEMBL569628,COc1ccc(CCN2C(=O)N(NS(=O)(=O)Cc3ccccc3)C[C@@H]2c2ccc(OC)cc2)cc1,IC50,'=',340.0,nM
CHEMBL521104,CC1=C(C(=O)N2CCN(c3ccc(F)cc3)CC2)C(c2cc3ccccc3o2)n2nccc2N1,IC50,'=',160.0,nM
CHEMBL604544,CC1=C(C(=O)N2CCC[C@H]2c2nnn[nH]2)C(c2ccc(Cl)c(Cl)c2)n2nccc2N1,IC50,'>',1000.0,nM
CHEMBL602854,CC1=C(C(=O)N2CCC[C@H]2c2cc(C)on2)C(c2ccc(Cl)c(Cl)c2)n2nccc2N1,IC50,'=',90.0,nM
CHEMBL3733333,CCN1C(=O)C(C)(C)C(=O)N(C)c2cc(OCCCN(CCn3ccc4oc(C)cc4c3=O)Cc3cnccc3C)ccc21,IC50,'=',330.0,nM
CHEMBL147962,CN(C)CC(C)(C)CNC(=O)c1ccccc1-c1ccccc1CNC(=O)OCc1ccccc1,IC50,'=',2200.0,nM
CHEMBL147039,Cc1cccc(CNC(=O)OCc2ccccc2)c1-c1c(C)cccc1C(=O)NCCC(C)C,IC50,'=',1300.0,nM
CHEMBL144117,NC(=O)[C@H](Cc1ccccc1)NC(=O)c1ccccc1-c1ccccc1CNS(=O)(=O)c1cccc(C(F)(F)F)c1,IC50,'=',4800.0,nM
CHEMBL4082779,O=S(=O)(c1cccc(Nc2nc(-c3cncnc3)nc3cccc(-c4ccccc4)c23)c1)N1CCOCC1,IC50,'=',80.0,nM
CHEMBL2440121,CCCCOc1ccc(S(=O)(=O)NCCc2cn(CC(=O)Nc3ccc(OC)cc3)c3ccccc23)cc1,IC50,'=',6210.0,nM
CHEMBL2440396,COc1ccc(S(=O)(=O)NCCc2cn(CC(=O)Nc3ccc(Cl)cc3)c3ccccc23)cc1,IC50,'=',3140.0,nM
CHEMBL2440389,COC(=O)C(Cc1c[nH]c2ccccc12)NS(=O)(=O)c1ccc(F)cc1,IC50,'=',6450.0,nM
CHEMBL42934,CCCCc1ccc(S(=O)(=O)N[C@@H]2c3cc(NC(=O)c4cccc(OC)c4)ccc3CC[C@H]2O)cc1,IC50,'~',2900.0,nM
CHEMBL468943,COc1ccc(S(=O)(=O)N[C@@H]2c3cc(NC(=O)c4cccc(OC)c4)ccc3CC[C@H]2O)cc1,IC50,'=',3000.0,nM
CHEMBL467672,CCc1ccc(S(=O)(=O)N[C@@H]2c3cc(NC(=O)c4cc(OC)cc(OC)c4)ccc3CC[C@H]2O)cc1,IC50,'=',640.0,nM
CHEMBL467479,CCc1ccc(S(=O)(=O)N[C@@H]2c3cc(NC(=O)C#Cc4ccccc4)ccc3CC[C@H]2O)cc1,IC50,'=',430.0,nM
CHEMBL466858,CCc1ccc(S(=O)(=O)N[C@@H]2c3cc(NC(=O)NCc4ccccc4)ccc3CC[C@H]2O)cc1,IC50,'=',610.0,nM
CHEMBL4097255,c1ccc(-c2cccc3nc(-c4cncnc4)nc(NCc4ccccn4)c23)cc1,IC50,'=',90.0,nM
CHEMBL4099807,c1ccc(-c2cccc3nc(-c4cccnc4)nc(NCc4ccccn4)c23)cc1,IC50,'=',60.0,nM
CHEMBL2152524,c1ccc([C@@H]([C@H](c2ccccc2)N2CCCC2)N2CCCC2)cc1,IC50,'=',300.0,nM
CHEMBL229125,O=C1CCN([C@@H]2CCCC[C@H]2OCCc2cccc3ccccc23)C1,IC50,'=',5900.0,nM
CHEMBL342350,CC(C)CCNC(=O)c1ccccc1-c1ccccc1CNC(=O)Nc1ccccc1,IC50,'=',4500.0,nM
CHEMBL2042156,CC1=C(C(=O)N2CCC[C@H]2c2cc(C)no2)[C@@H](c2ccc(Cl)c(Cl)c2)n2nccc2N1,IC50,'=',83.0,nM
CHEMBL3298225,COc1cccc2ncnc(NCC(C)(C)c3ccccc3)c12,IC50,'=',118.0,nM
CHEMBL3298146,CC(C)(CNc1noc2cccc(O)c12)c1ccccc1,IC50,'=',262.0,nM
CHEMBL3262840,N#Cc1ccc(OCCN2CCN(C(=O)c3cccs3)CC2)cc1,IC50,'=',10170.0,nM
CHEMBL2331997,CC1=C(c2ncnn2C2CCCCC2)[C@@H](c2ccc(Cl)c(Cl)c2)n2nc(C)cc2N1,IC50,'=',127.0,nM
CHEMBL2331991,CC1=C(c2ncnn2CC2CC2)[C@@H](c2ccc(Cl)c(Cl)c2)n2nccc2N1,IC50,'=',229.0,nM
CHEMBL2332465,CC1=C(c2ncnn2Cc2ccccc2)[C@@H](c2ccc(Cl)c(Cl)c2)n2nccc2N1,IC50,'=',135.0,nM
CHEMBL2332457,CC1=C(c2ncnn2-c2ccc(C)cc2)[C@@H](c2ccc(Cl)c(Cl)c2)n2nccc2N1,IC50,'=',80.0,nM
CHEMBL4075394,FC(F)(F)Oc1cccc(-c2ncccc2CC(c2cccnc2)c2cccnc2)c1,IC50,'=',33.0,nM
CHEMBL4104525,O[C@@H](c1cccnc1-c1cc(Cl)cc(Cl)c1)C(c1cccnc1)c1cccnc1,IC50,'=',29.0,nM
CHEMBL4097667,c1cncc(-c2ccccc2CC(c2cccnc2)c2cccnc2)c1,IC50,'=',64.0,nM
CHEMBL4062996,Clc1cccc(-c2ncccc2CC(c2cccnc2)c2cccnc2)c1,IC50,'=',30.0,nM
CHEMBL4098469,N#Cc1cccc(-c2cccc(Cl)c2CC(c2cccnc2)c2cccnc2)c1,IC50,'=',2865.0,nM
CHEMBL4104525,O[C@@H](c1cccnc1-c1cc(Cl)cc(Cl)c1)C(c1cccnc1)c1cccnc1,IC50,'=',11.0,nM
CHEMBL3262818,COc1ccc(NC(=O)CN2CCN(CCOc3ccccc3)CC2)cc1,IC50,'=',10130.0,nM
CHEMBL3262809,COc1ccc(C(=O)N2CCN(CCOc3ccc(Cl)cc3)CC2)cc1,IC50,'=',5500.0,nM
CHEMBL2312926,O=P(c1ccccc1)(c1ccccc1)C(c1ccccc1)c1cccnc1,IC50,'=',100.0,nM
CHEMBL2312924,O=P(NCc1ccccc1-c1cccnc1)(c1ccccc1)c1ccccc1,IC50,'=',2300.0,nM
CHEMBL3937958,Cn1c(=O)ccc2cc(OCCCCCN(CCCc3ccccc3)Cc3cccnc3)ccc21,IC50,'=',810.0,nM
CHEMBL567244,CCn1c(C2=C(C)Nc3ccnn3C2c2ccc(Cl)c(Cl)c2)nc2cc(Cl)ccc21,IC50,'=',57.0,nM
CHEMBL465930,CC1=C(C(=O)N2CCN(c3ccc(F)cc3)CC2)C(c2cccc(Cl)c2)n2nccc2N1,IC50,'=',190.0,nM
CHEMBL464077,CC1=C(C(=O)N2CCN(c3ccc(F)cc3)CC2)C(c2ccc(Cl)c(Cl)c2)n2nccc2N1,IC50,'=',120.0,nM
CHEMBL480611,CCCCCNC(=O)C1=C(C)Nc2ccnn2C1c1ccc(Cl)c(Cl)c1,IC50,'=',590.0,nM
CHEMBL517025,CCCCCN(CCCCC)C(=O)C1=C(C)Nc2ccnn2C1c1ccc(Cl)c(Cl)c1,IC50,'=',580.0,nM
CHEMBL3967653,CCN1C(=O)C(C)(C)C(=O)N(C)c2cc(CN(CCn3ccc4oc(C)cc4c3=O)Cc3cccnc3COC)ccc21,IC50,'=',630.0,nM
CHEMBL3262824,O=C(CN1CCN(CCOc2ccccc2)CC1)Nc1ccccc1Cl,IC50,'=',29420.0,nM
CHEMBL3262825,O=C(CN1CCN(CCOc2ccc(Cl)cc2)CC1)Nc1ccccc1Cl,IC50,'=',3590.0,nM
CHEMBL3262826,O=C(CN1CCN(CCOc2ccccc2)CC1)Nc1nccs1,IC50,'=',29340.0,nM
CHEMBL3262831,CC(C)(C)c1ccc(OCCN2CCN(CC(=O)Nc3nccs3)CC2)cc1,IC50,'=',63180.0,nM
CHEMBL3262837,O=C(CN1CCN(CCOc2ccc(Cl)cc2)CC1)Nc1nccs1,IC50,'=',5180.0,nM
CHEMBL4076764,O[C@@H](c1cccnc1-c1cccc(C(F)(F)F)c1)C(c1cccnc1)c1cccnc1,IC50,'=',290.0,nM
CHEMBL217800,Cc1[nH]c2c(c1C)/C(=N/NC(=O)Nc1ccc(Cl)cc1)CCC2,IC50,'=',370.0,nM
CHEMBL216954,CCc1c(C)[nH]c2c1/C(=N/NC(=O)Nc1cccc(C3CCCN3)c1)CCC2,IC50,'=',750.0,nM
CHEMBL385676,COC(=O)C[C@H](c1ccccc1)[C@H](C(=O)N(C(C)C)C(C)C)c1cccnc1,IC50,'=',3698.0,nM
CHEMBL385920,CC(C)N(C(=O)C(c1cccnc1)C(CC(=O)NCC1CN(c2ccccc2)CCO1)c1ccccc1)C(C)C,IC50,'=',3379.0,nM
CHEMBL217222,CC(C)N(C(=O)C(c1cccnc1)C(CNC(=O)CCc1ccccc1)c1ccccc1)C(C)C,IC50,'=',100.0,nM
CHEMBL216262,CC(C)N(C(=O)C(c1cccnc1)C(CNC(=O)C(N)Cc1ccccc1F)c1ccccc1)C(C)C,IC50,'=',1310.0,nM
CHEMBL217620,CC(C)N(C(=O)C(c1cccnc1)C(CNC(=O)NCc1ccccc1F)c1ccccc1)C(C)C,IC50,'=',150.0,nM
CHEMBL4081790,Oc1ccc(-c2nc(NCc3ccccn3)c3c(-c4ccccc4)cccc3n2)cn1,IC50,'=',110.0,nM
CHEMBL94296,CC[C@H](NC(=O)c1ccccc1NS(=O)(=O)c1ccc(C)cc1)c1ccccc1,IC50,'=',700.0,nM
CHEMBL343464,CC(=O)c1ccc(S(=O)(=O)NCc2ccccc2-c2ccccc2C(=O)N[C@@H](Cc2ccccc2)C(N)=O)cc1,IC50,'=',7700.0,nM
CHEMBL216496,COc1ccc(CC(=O)N2CCSC2c2ccc(C)c(C)c2)cc1,IC50,'=',537.0,nM
CHEMBL2313228,N#CCCCN(c1cccnc1)P(=O)(c1ccccc1)c1ccccc1,IC50,'=',1900.0,nM
CHEMBL2312932,O=P(NCc1cccnc1-c1cccnc1)(c1ccccc1)c1ccccc1,IC50,'=',2700.0,nM
CHEMBL359386,CC(C)CCNC(=O)c1ccccc1-c1ccccc1CNC(=O)c1ccccc1,IC50,'=',4100.0,nM
CHEMBL2332455,CC1=C(c2ncnn2-c2ccccc2F)[C@@H](c2ccc(Cl)c(Cl)c2)n2nccc2N1,IC50,'=',74.0,nM
CHEMBL2332454,CC1=C(c2ncnn2-c2cccc(F)c2)[C@@H](c2ccc(Cl)c(Cl)c2)n2nccc2N1,IC50,'=',97.0,nM
CHEMBL2331983,CC1=C(c2ncnn2C2CCC(C(F)(F)F)CC2)[C@@H](c2ccc(Cl)c(Cl)c2)n2nc(C(F)(F)F)cc2N1,IC50,'=',607.0,nM
CHEMBL2332442,CC1=C(c2ncnn2-c2cccc(F)n2)[C@@H](c2ccc(Cl)c(Cl)c2)n2nc(C(F)(F)F)cc2N1,IC50,'=',256.0,nM
CHEMBL4475999,CCCN(CCC)[C@H](c1ccccn1)[C@@H](c1ccccn1)N(CCC)C[C@H](O)CO,IC50,'=',1700.0,nM
CHEMBL4453132,CCCN(CCC)[C@H](c1ccccn1)[C@@H](c1ccccn1)N(CCOC)C[C@H](C)O,IC50,'=',2700.0,nM
CHEMBL4468664,c1ccc([C@@H]([C@H](c2ccccn2)N2CCCCC2)N2CCCCC2)nc1,IC50,'=',4800.0,nM
CHEMBL4437013,CCCN(CC)[C@H](c1ccccn1)[C@@H](c1ccccn1)N(CC)CCC,IC50,'=',3200.0,nM
CHEMBL241513,CCc1ccc(S(=O)(=O)NCc2cccc(NC(=O)c3cccc(OC)c3)c2)cc1,IC50,'=',240.0,nM
CHEMBL239805,CCc1ccc(S(=O)(=O)NC2CCc3ccc(NC(=O)c4cccc(OC)c4)cc32)cc1,IC50,'=',150.0,nM
CHEMBL3298147,COc1cccc2onc(N(C)CC(C)(C)c3ccccc3)c12,IC50,'=',187.0,nM
CHEMBL3785335,CC(C)(C)NC(=O)C1c2ccccc2C(=O)N1Cc1ccc(F)cc1-c1ccccc1,IC50,'=',1700.0,nM
CHEMBL3787036,CC(C)(C)NC(=O)C1c2ccc(NS(C)(=O)=O)cc2C(=O)N1Cc1ccccc1-c1ccccc1,IC50,'=',17000.0,nM
CHEMBL3787069,CC(C)(C)NC(=O)C1c2ccc(O)cc2C(=O)N1Cc1ccccc1-c1ccccc1,IC50,'=',8400.0,nM
CHEMBL3786255,CC(c1ccccc1)N1C(=O)c2ccccc2C1C(=O)NCc1ccccc1,IC50,'=',1500.0,nM
CHEMBL3786303,CC(C)(C)NC(=O)C1c2ccccc2C(=O)N1Cc1ccccc1-c1ccc(F)cc1,IC50,'=',6000.0,nM
CHEMBL3785198,CC(C)(CN1C(=O)c2ccccc2C1C(=O)NCCCC(F)F)c1ccc(F)cc1,IC50,'=',600.0,nM
CHEMBL3785721,CCCCNC(=O)C1c2ccccc2C(=O)N1CC(C)(O)c1ccc(Cl)cc1,IC50,'=',1200.0,nM
CHEMBL1088804,CCCCCCC(N1CCOCC1)C(O)(c1cccnc1)c1cccnc1,IC50,'=',3357.0,nM
CHEMBL2440399,Cc1ccc(S(=O)(=O)N/N=C/c2cn(CC(=O)Nc3ccc(C)cc3C)c3ccccc23)cc1,IC50,'=',24010.0,nM
CHEMBL4081790,Oc1ccc(-c2nc(NCc3ccccn3)c3c(-c4ccccc4)cccc3n2)cn1,IC50,'=',110.0,nM
CHEMBL4521294,c1ccc(-c2cccc3nc(-c4ccncc4)nc(NCc4ccccn4)c23)cc1,IC50,'=',40.0,nM
CHEMBL4443183,c1ccc(-c2cccc3nc(-c4cn[nH]c4)nc(NCc4ccccn4)c23)cc1,IC50,'=',160.0,nM
CHEMBL1090159,OC(c1cccnc1)(c1cccnc1)C(c1ccccc1)N1CCNCC1,IC50,'=',7935.0,nM
CHEMBL583254,COc1ccc(CCN2C(=O)N(NS(C)(=O)=O)CC2c2ccc(C3CC3)cc2)cc1,IC50,'=',160.0,nM
CHEMBL583465,COc1ccc(CCN2C(=O)N(NS(C)(=O)=O)CC2c2ccc(Cl)cc2)cc1,IC50,'=',200.0,nM
CHEMBL144170,CC(C)CCNC(=O)c1ncccc1-c1ccccc1CNC(=O)OCc1ccccc1,IC50,'=',2600.0,nM
CHEMBL605992,CC1=C(C(=O)N2CCCC2c2ccccc2)C(c2ccc(Cl)c(Cl)c2)n2nccc2N1,IC50,'=',150.0,nM
CHEMBL602058,CC1=C(C(=O)N2CCC[C@H]2c2nnc(N)s2)C(c2ccc(Cl)c(Cl)c2)n2nccc2N1,IC50,'>',1000.0,nM
CHEMBL148210,Cc1cccc(CNC(=O)OCc2ccccc2)c1-c1c(C)cccc1C(=O)NCCc1ccccn1,IC50,'=',700.0,nM
CHEMBL3356074,COc1cccc2c1C(NCC(C)(C)c1ccccc1)=NC2=O,IC50,'=',34.0,nM
CHEMBL327816,CC[C@H](NC(=O)c1ccccc1NS(=O)(=O)c1ccc(OC)cc1)c1ccccc1,IC50,'=',600.0,nM
CHEMBL3127403,N#Cc1cccc(S(=O)(=O)N(Cc2ccccc2Cl)C[C@@H]2CCC(=O)N2)c1,IC50,'>',10000.0,nM
CHEMBL386837,COc1ccc(CON2C(=O)CSC2c2ccccc2)cc1,IC50,'=',924.0,nM
CHEMBL217347,CCc1c(C)[nH]c2c1/C(=N/OC(=O)Nc1ccccc1)CCC2,IC50,'=',67.0,nM
CHEMBL217333,CCc1c(C)[nH]c2c1/C(=N/OC(=O)Nc1ccc(F)cc1)CCC2,IC50,'=',275.0,nM
CHEMBL384706,CC(C)N(C(=O)C(c1cccnc1)C(CC(=O)NCCc1ccccc1)c1ccccc1)C(C)C,IC50,'=',410.0,nM
CHEMBL217684,CC(C)N(C(=O)C(c1cccnc1)C(CNC(=O)CCCc1ccccc1)c1ccccc1)C(C)C,IC50,'=',250.0,nM
CHEMBL1294,C=C[C@H]1CN2CC[C@H]1C[C@@H]2[C@@H](O)c1ccnc2ccc(OC)cc12,IC50,'=',7300.0,nM
CHEMBL2312918,CCCN(c1ccon1)P(=O)(c1ccccc1)c1ccccc1,IC50,'=',590.0,nM
CHEMBL2313227,COCCN(c1cccnc1)P(=O)(c1ccccc1)c1ccccc1,IC50,'=',620.0,nM
CHEMBL2312928,CCCNC(c1cccnc1)P(=O)(c1ccccc1)c1ccccc1,IC50,'=',750.0,nM
CHEMBL258934,CCc1ccc(S(=O)(=O)N[C@@H]2c3cc(C(=O)N(CC)Cc4c(F)cccc4Cl)cnc3OC(C)(C)[C@H]2O)cc1,IC50,'=',615.0,nM
CHEMBL230238,CCc1ccc(S(=O)(=O)N(Cc2ccccn2)[C@@H]2c3cc(C(=O)NCCc4ccccc4)ccc3OC(C)(C)[C@H]2O)cc1,IC50,'=',120.0,nM
CHEMBL390106,CC1(C)Oc2ccc(C(=O)NCCc3ccccc3)cc2[C@@H](NS(=O)(=O)c2ccc(C(F)(F)F)cc2)[C@@H]1O,IC50,'=',200.0,nM
CHEMBL3729665,CCN1C(=O)C(C)(C)C(=O)N(C)c2cc(OCCCN(CCc3cccnc3)C(=O)c3ccccc3)ccc21.Cl,IC50,'=',1100.0,nM
CHEMBL3730145,CCN1C(=O)C(C)(C)C(=O)N(C)c2cc(OCCCN(CCn3ccc4occc4c3=O)Cc3cccnc3)ccc21,IC50,'=',390.0,nM
CHEMBL3262801,O=C(c1cccs1)N1CCN(CCOc2ccc(OC(F)(F)F)cc2)CC1,IC50,'=',6440.0,nM
CHEMBL3262805,O=C(c1ccccc1)N1CCN(CCOc2ccc(Cl)cc2)CC1,IC50,'=',3970.0,nM
CHEMBL3262820,COc1ccc(NC(=O)CN2CCN(CCOc3ccc(Cl)cc3)CC2)cc1,IC50,'=',2620.0,nM
CHEMBL3262842,O=C(c1cccs1)N1CCN(CCOc2ccc(Br)cc2)CC1,IC50,'=',12180.0,nM
CHEMBL2042163,COCC1=C(C(=O)N2CCC[C@H]2c2cc(C)no2)[C@@H](c2cc3ccccc3n2C)n2nc(C(F)(F)F)cc2N1,IC50,'=',150.0,nM
CHEMBL2042147,CC1=C(C(=O)N2CCN(c3ccc(F)cc3)CC2)C(c2ccc(Cl)c(Cl)c2)n2nc(C)cc2N1,IC50,'=',124.0,nM
CHEMBL408935,CCc1ccc(S(=O)(=O)N[C@@H]2c3cc(C(=O)N(CC)c4cccc(C)c4)cnc3OC(C)(C)[C@H]2O)cc1,IC50,'=',776.0,nM
CHEMBL388538,CCc1ccc(S(=O)(=O)N[C@@H]2c3cc(C(=O)N(C)c4ccccc4)ccc3OC(C)(C)[C@H]2O)cc1,IC50,'=',281.0,nM
CHEMBL317791,C[C@H](OC(=O)NCc1ccccc1-c1ccccc1C(=O)NCCc1ccccn1)c1ccccc1,IC50,'=',160.0,nM
CHEMBL230251,CCc1ccc(S(=O)(=O)N[C@@H]2c3cc(C(=O)N4CCC[C@@H]4CNc4c(C)cccc4C)ccc3OC(C)(C)[C@H]2O)cc1,IC50,'=',130.0,nM
CHEMBL218185,COc1ccc(CON2C(=O)CSC2c2ccc(Cl)cc2)cc1,IC50,'=',187.0,nM
CHEMBL424912,COc1ccccc1CON1C(=O)CSC1c1ccc(C)c(C)c1,IC50,'=',177.0,nM
CHEMBL386020,O=C(N/N=C1\CCCc2[nH]ccc21)Nc1ccc(Cl)cc1,IC50,'=',5600.0,nM
CHEMBL2042151,CC1=C(C(=O)N2CCN(c3ccc(F)cc3)CC2)C(c2ccc(Cl)c(Cl)c2)n2nc(Cl)cc2N1,IC50,'=',209.0,nM
CHEMBL2042158,CC1=C(C(=O)N2CCC[C@H]2c2cc(C)no2)[C@@H](c2ccc(Cl)c(Cl)c2)n2nc(C(F)(F)F)cc2N1,IC50,'=',101.0,nM
CHEMBL2042148,CC1=C(C(=O)N2CCN(c3ccccc3)CC2)C(c2ccc(Cl)c(Cl)c2)n2nc(C)cc2N1,IC50,'=',149.0,nM
CHEMBL2042149,CC1=C(C(=O)N2CCN(c3ccc(F)cc3)CC2)C(c2ccc(Cl)c(Cl)c2)n2nc(C(F)(F)F)cc2N1,IC50,'=',419.0,nM
CHEMBL2042157,CC1=C(C(=O)N2CCC[C@H]2c2cc(C)no2)[C@@H](c2ccc(Cl)c(Cl)c2)n2nc(C)cc2N1,IC50,'=',165.0,nM
CHEMBL2042159,CC1=C(C(=O)N2CCC[C@H]2c2cc(C)no2)[C@@H](c2ccc(Cl)c(Cl)c2)n2nc(C3CC3)cc2N1,IC50,'=',227.0,nM
CHEMBL567025,CC1=C(c2nc3cc(C#N)ccc3n2C)C(c2ccc(Cl)c(Cl)c2)n2nccc2N1,IC50,'=',220.0,nM
CHEMBL567235,CCCn1c(C2=C(C)Nc3ccnn3C2c2ccc(Cl)c(Cl)c2)nc2cc(F)ccc21,IC50,'=',48.0,nM
CHEMBL4095750,COc1cccc(-c2ncccc2CC(c2cccnc2)c2cccnc2)c1,IC50,'=',41.0,nM
CHEMBL3732734,CCN1C(=O)C(C)(C)C(=O)N(C)c2cc(OCCCN(CCn3ccc4ccoc4c3=O)Cc3cccs3)ccc21,IC50,'=',180.0,nM
CHEMBL3729998,CCN1C(=O)C(C)(C)C(=O)N(C)c2cc(OCCCN(CCn3ccc4ccoc4c3=O)Cc3ccc(C#N)cc3)ccc21,IC50,'=',160.0,nM
CHEMBL3729344,CN1C(=O)C(C)(C)C(=O)N(C)c2cc(OCCCN(CCc3cccnc3)Cc3ccnc4ccccc34)ccc21.Cl.Cl.Cl,IC50,'=',210.0,nM
CHEMBL3728509,CN1C(=O)C(C)(C)C(=O)N(C)c2cc(OCCCN(CCc3cccnc3)Cc3ccncc3)ccc21.Cl.Cl.Cl,IC50,'=',540.0,nM
CHEMBL3732894,CCN1C(=O)C(C)(C)C(=O)N(CC)c2cc(OCCCN(CCc3cccnc3)Cc3ccncc3)ccc21.Cl.Cl.Cl,IC50,'=',580.0,nM
CHEMBL386975,CC(C)N(C(=O)C(c1cccnc1)C(CNC(=O)NCc1ccc(Br)cc1)c1ccccc1)C(C)C,IC50,'=',362.0,nM
CHEMBL387088,COc1ccc(CCn2nnn[n+]2-c2cccc(C)c2C)cc1,IC50,'=',330.0,nM
CHEMBL217313,COc1ccc(CCn2nnn[n+]2C2(c3ccc(C)cc3)CCCC2)cc1,IC50,'=',400.0,nM
CHEMBL384197,COc1ccc(CCN2C(=O)CSC2(C)c2ccc(C)c(C)c2)cc1,IC50,'=',69.0,nM
CHEMBL386802,COc1ccc(CON2C(=O)CSC2c2ccc(C)c(C)c2)cc1,IC50,'=',95.0,nM
CHEMBL288131,CCc1ccc(S(=O)(=O)N[C@@H]2c3cc(NC(=O)c4cccc(OC)c4)ccc3C[C@H]2O)cc1,IC50,'=',160.0,nM
CHEMBL288131,CCc1ccc(S(=O)(=O)N[C@@H]2c3cc(NC(=O)c4cccc(OC)c4)ccc3C[C@H]2O)cc1,IC50,'=',33.0,nM
CHEMBL398397,CCc1ccc(S(=O)(=O)N[C@@H]2c3cc(NC(=O)c4cccc(OC)c4)ccc3C[C@@H]2O)cc1,IC50,'=',300.0,nM
CHEMBL147039,Cc1cccc(CNC(=O)OCc2ccccc2)c1-c1c(C)cccc1C(=O)NCCC(C)C,IC50,'=',1000.0,nM
CHEMBL217672,CCc1c(C)[nH]c2c1/C(=N/OC(=O)NCCc1ccccn1)CCC2,IC50,'=',547.0,nM
CHEMBL217482,Cc1ccc(C2([n+]3nnnn3CCCc3ccccc3)CC2)cc1,IC50,'=',480.0,nM
CHEMBL385641,Cc1ccc(C2SCC(=O)N2OCc2ccccc2)cc1C,IC50,'=',207.0,nM
CHEMBL216337,CCc1c(C)[nH]c2c1/C(=N/NC(=O)Nc1ccc(SC)cc1)CCC2,IC50,'=',280.0,nM
CHEMBL217668,CCc1c(C)[nH]c2c1/C(=N/NC(=S)Nc1cccc(C(F)(F)F)c1)CCC2,IC50,'=',200.0,nM
CHEMBL217348,CCc1c(C)[nH]c2c1/C(=N/OC(=O)Nc1ccc(SC)cc1)CCC2,IC50,'=',350.0,nM
CHEMBL384974,COC(=O)CC(c1cccnc1)C(C(=O)N(C(C)C)C(C)C)c1ccccc1,IC50,'=',266.0,nM
CHEMBL385737,COC(=O)CC(c1cccc(C#N)c1)C(C(=O)N(C(C)C)C(C)C)c1cccnc1,IC50,'=',184.0,nM
CHEMBL385809,CC(C)N(C(=O)C(c1cccnc1)C(CNC(=O)CCc1ccccc1F)c1ccccc1)C(C)C,IC50,'=',36.0,nM
CHEMBL373704,CC(C)N(C(=O)C(c1cccnc1)C(CNC(=O)CCc1ccccc1Cl)c1ccccc1)C(C)C,IC50,'=',498.0,nM
CHEMBL424735,COc1ccc(CCn2nnn[n+]2C2(c3ccc(C)c(C)c3)CC2)cc1,IC50,'=',180.0,nM
CHEMBL216255,COC(=O)CC(c1ccncc1)C(C(=O)N(C(C)C)C(C)C)c1ccccc1,IC50,'=',5323.0,nM
CHEMBL267425,COc1ccc(CCN2C(=O)CSC2(C)c2ccc(C)cc2)cc1,IC50,'=',390.0,nM
CHEMBL3127396,N#Cc1cccc(S(=O)(=O)N(Cc2ccc(F)cc2)C[C@@H]2CCCC(=O)N2)c1,IC50,'=',7600.0,nM
CHEMBL3127419,N#Cc1cccc(S(=O)(=O)N(Cc2ccc(F)cc2)C[C@H]2CCC(=O)N2)c1,IC50,'=',8700.0,nM
CHEMBL3127415,CS(=O)(=O)c1cccc(S(=O)(=O)N(Cc2ccc(F)cc2)C[C@@H]2CCC(=O)N2)c1,IC50,'=',8700.0,nM
CHEMBL3127412,O=C1CC[C@@H](CN(Cc2ccc(F)cc2)S(=O)(=O)c2cc(Cl)cc(Cl)c2)N1,IC50,'=',8100.0,nM
CHEMBL3623051,COc1cccc2c1C(NC[C@]1(c3ccccc3)CC[C@H](NS(N)(=O)=O)CC1)=NS2(=O)=O,IC50,'>',10000.0,nM
CHEMBL3127404,CN1C(=O)CC[C@H]1CN(Cc1ccc(Cl)cc1)S(=O)(=O)c1cccc(C#N)c1,IC50,'=',210.0,nM
CHEMBL3127397,N#Cc1cccc(S(=O)(=O)N(CC[C@@H]2CCC(=O)N2)Cc2ccc(F)cc2)c1,IC50,'=',2700.0,nM
CHEMBL3127411,O=C1CC[C@@H](CN(Cc2ccc(F)cc2)S(=O)(=O)c2cccc(Cl)c2)N1,IC50,'=',800.0,nM
CHEMBL394848,CC1(C)Oc2ccc(C(=O)NCCc3ccccc3)cc2[C@@H](NS(=O)(=O)c2ccc([N+](=O)[O-])cc2)[C@@H]1O,IC50,'>',1000.0,nM
CHEMBL289939,COc1ccc(CCN2C(=O)CSC2c2ccc(C)c(C)c2)cc1,IC50,'=',137.0,nM
CHEMBL385810,COc1ccc(CCN2C(=O)CSC23CCc2c(C)cccc23)cc1,IC50,'=',487.0,nM
CHEMBL387066,COc1ccc(CON2C(=O)CSC2c2ccc(Cl)c(Cl)c2)cc1,IC50,'=',113.0,nM
CHEMBL385933,COc1cccc(CON2C(=O)CSC2c2ccc(C)c(C)c2)c1,IC50,'=',269.0,nM
CHEMBL217372,Cc1ccc(C2SCCN2C(=O)COc2ccccc2)cc1C,IC50,'=',162.0,nM
CHEMBL436956,COC(=O)CC(c1ccccc1C#N)C(C(=O)N(C(C)C)C(C)C)c1cccnc1,IC50,'=',1773.0,nM
CHEMBL217251,CC(C)N(C(=O)C(c1cccnc1)C(CC(=O)NCc1ccccc1F)c1ccccc1)C(C)C,IC50,'=',432.0,nM
CHEMBL2042162,CC1=C(C(=O)N2CCC[C@H]2c2cc(C)no2)[C@@H](c2cc3ccccc3n2C)n2nc(C(F)(F)F)cc2N1,IC50,'=',72.0,nM
CHEMBL2332443,CC1=C(c2ncnn2-c2cccc(C(F)(F)F)n2)[C@@H](c2ccc(Cl)c(Cl)c2)n2nc(C(F)(F)F)cc2N1,IC50,'=',96.0,nM
CHEMBL1289299,CC(C)(CNC(=O)C1(C#N)CC1)CN(C1=NS(=O)(=O)c2cc(F)ccc21)c1ccccc1,IC50,'=',540.0,nM
CHEMBL1289743,CC(C)(CNC(=O)C1(O)CCC(F)(F)CC1)CN(C1=NS(=O)(=O)c2cc(F)ccc21)c1ccccc1,IC50,'=',630.0,nM
CHEMBL1289744,CC(C)(CNC(=O)C1CCCO1)CN(C1=NS(=O)(=O)c2cc(F)ccc21)c1ccccc1,IC50,'=',830.0,nM
CHEMBL1290064,Cn1cccc1CC(=O)NCC(C)(C)CN(C1=NS(=O)(=O)c2cc(F)ccc21)c1ccccc1,IC50,'=',1390.0,nM
CHEMBL3786542,CC(C)(C)NC(=O)C1c2ccccc2C(=O)N1Cc1ccccc1-c1ccccc1,IC50,'=',10400.0,nM
CHEMBL3786542,CC(C)(C)NC(=O)C1c2ccccc2C(=O)N1Cc1ccccc1-c1ccccc1,IC50,'=',3300.0,nM
CHEMBL3785865,Cc1c(O)ccc2c1C(=O)N(Cc1ccccc1-c1ccccc1)C2C(=O)NC(C)(C)C,IC50,'=',17000.0,nM
CHEMBL3786013,O=C(NCc1ccncc1)C1c2ccccc2C(=O)N1Cc1ccccc1-c1ccccc1,IC50,'=',13000.0,nM
CHEMBL3787356,CC(C)(C)NC(=O)C1c2c(O)cccc2C(=O)N1Cc1ccccc1-c1ccccc1,IC50,'=',3000.0,nM
CHEMBL3786460,CC(C)(C)NC(=O)C1c2ccccc2C(=O)N1Cc1ccccc1-c1ccc(F)c(F)c1,IC50,'=',1500.0,nM
CHEMBL605576,CC1=C(C(=O)N2CCCC2c2ccc(F)cc2)C(c2ccc(Cl)c(Cl)c2)n2nccc2N1,IC50,'=',150.0,nM
CHEMBL602070,CC1=C(C(=O)N2CCC[C@H]2c2ccc(F)cc2)[C@@H](c2ccc(Cl)c(Cl)c2)n2nccc2N1,IC50,'=',50.0,nM
CHEMBL601456,CC1=C(C(=O)N2CCCC2c2ccccn2)C(c2ccc(Cl)c(Cl)c2)n2nccc2N1,IC50,'=',660.0,nM
CHEMBL228277,CCc1ccc(S(=O)(=O)N[C@@H]2c3cc(C(=O)N(CC)Cc4ccccc4F)ccc3OC(C)(C)[C@H]2O)cc1,IC50,'=',170.0,nM
CHEMBL396551,CCc1ccc(S(=O)(=O)N(CC(C)C)[C@@H]2c3cc(C(=O)NCCc4ccccc4)ccc3OC(C)(C)[C@H]2O)cc1,IC50,'=',320.0,nM
CHEMBL328905,CCN(Cc1ccccc1)C(=O)c1ccccc1NS(=O)(=O)c1ccc(C)cc1,IC50,'=',5000.0,nM
CHEMBL12713,O=C1NCCN1CCN1CCC(c2cn(-c3ccc(F)cc3)c3ccc(Cl)cc23)CC1,IC50,'=',2000.0,nM
CHEMBL2332450,CCn1ccnc1C1=C(C)Nc2cc(C(F)(F)F)nn2[C@@H]1c1ccc(Cl)c(Cl)c1,IC50,'=',128.0,nM
CHEMBL2331999,CC1=C(c2ncnn2C2CCC2)[C@@H](c2ccc(Cl)c(Cl)c2)n2nc(C(F)(F)F)cc2N1,IC50,'=',165.0,nM
CHEMBL2332444,CC1=C(c2ncnn2-c2cccc(Cl)n2)[C@@H](c2ccc(Cl)c(Cl)c2)n2nc(C(F)(F)F)cc2N1,IC50,'=',190.0,nM
CHEMBL2331990,CC1=C(c2ncnn2C2CCC2)[C@@H](c2ccc(Cl)c(Cl)c2)n2nccc2N1,IC50,'=',48.0,nM
CHEMBL2331986,CC1=C(c2ncnn2C(C)C)[C@@H](c2ccc(Cl)c(Cl)c2)n2nccc2N1,IC50,'=',89.0,nM
CHEMBL3786256,Cc1c(OS(C)(=O)=O)ccc2c1C(=O)N(Cc1ccccc1-c1ccccc1)C2C(=O)NC(C)(C)C,IC50,'=',10500.0,nM
CHEMBL3786542,CC(C)(C)NC(=O)C1c2ccccc2C(=O)N1Cc1ccccc1-c1ccccc1,IC50,'=',1000.0,nM
CHEMBL3785865,Cc1c(O)ccc2c1C(=O)N(Cc1ccccc1-c1ccccc1)C2C(=O)NC(C)(C)C,IC50,'=',1300.0,nM
CHEMBL3785865,Cc1c(O)ccc2c1C(=O)N(Cc1ccccc1-c1ccccc1)C2C(=O)NC(C)(C)C,IC50,'=',3400.0,nM
CHEMBL3785768,CC(C)(CN1C(=O)c2ccccc2C1C(=O)NCCCF)c1ccc(Cl)cc1,IC50,'=',500.0,nM
CHEMBL1090791,OCC(c1ccccc1)N1CCOCC1,IC50,'>',60000.0,nM
CHEMBL1089159,OC(c1cccnc1)(c1cccnc1)C(c1ccccc1)N1CCCC1,IC50,'=',284.0,nM
CHEMBL466646,CCc1ccc(S(=O)(=O)N[C@@H]2c3cc(NC(=O)OCc4ccccc4)ccc3CC[C@H]2O)cc1,IC50,'=',230.0,nM
CHEMBL610340,CC1=C(C(=O)N2CCC[C@H]2c2nnc[nH]2)C(c2ccc(Cl)c(Cl)c2)n2nccc2N1,IC50,'>',1000.0,nM
CHEMBL601641,CC1=C(C(=O)N2CCC[C@H]2c2cc(C)no2)C(c2ccc(Cl)c(Cl)c2)n2nccc2N1,IC50,'>',1000.0,nM
CHEMBL3298232,CCNC(=O)O[C@H]1CC[C@](CNc2n[nH]c3cccc(OC)c23)(c2ccccc2)CC1,IC50,'=',138.0,nM
CHEMBL146772,COC(=O)NCc1ccccc1-c1ccccc1C(=O)NCCC(C)C,IC50,'=',7100.0,nM
CHEMBL214876,COc1ccc2c(NC[C@H](O)CO)nc(C#N)c(-c3ccccc3)c2c1,IC50,'=',680.0,nM
CHEMBL570360,COc1ccc(CCCN2C(=O)N(NS(C)(=O)=O)C[C@H]2c2ccc(OC)cc2)cc1,IC50,'=',560.0,nM
CHEMBL386899,COC(=O)CC(c1cccnc1)C(C(=O)N(C(C)C)C(C)C)c1ccccn1,IC50,'=',3836.0,nM
CHEMBL386556,CC(C)N(C(=O)C(c1cccnc1)C(CNC(=O)NCc1ccccc1Cl)c1ccccc1)C(C)C,IC50,'=',757.0,nM
CHEMBL1289531,CC(C)(CNC(=O)C1(O)CCCC1)CN(C1=NS(=O)(=O)c2cc(F)ccc21)c1ccccc1,IC50,'=',730.0,nM
CHEMBL314328,Cc1ccc(S(=O)(=O)Nc2ccccc2C(=O)NCCc2ccccc2)cc1,IC50,'=',6700.0,nM
CHEMBL288131,CCc1ccc(S(=O)(=O)N[C@@H]2c3cc(NC(=O)c4cccc(OC)c4)ccc3C[C@H]2O)cc1,IC50,'=',100.0,nM
CHEMBL316302,Cc1ccc(S(=O)(=O)Nc2ccccc2C(=O)N(Cc2ccccc2)Cc2cccnc2)cc1,IC50,'=',700.0,nM
CHEMBL148211,CC(C)CCNC(=O)c1ccccc1-c1ccccc1CNCCc1ccccc1,IC50,'=',4000.0,nM
CHEMBL2152522,c1ccc([C@@H]([C@H](c2ccccc2)N2CCCCC2)N2CCCCC2)cc1,IC50,'=',200.0,nM
CHEMBL2152523,c1ccc([C@H]([C@@H](c2ccccc2)N2CCCCC2)N2CCCCC2)cc1,IC50,'=',200.0,nM
CHEMBL228493,CC1(C)Oc2ccc(C(=O)NCCc3ccccc3)cc2[C@@H](NS(=O)(=O)c2ccccc2OC(F)(F)F)[C@@H]1O,IC50,'=',150.0,nM
CHEMBL231299,CCc1ccc(S(=O)(=O)N[C@@H]2c3cc(C(=O)Nc4cccc(OC)c4)ccc3OC(C)(C)[C@H]2O)cc1,IC50,'>',10000.0,nM
CHEMBL390128,CCc1ccc(S(=O)(=O)N[C@@H]2c3cc(S(=O)(=O)NCCc4ccccc4)ccc3OC(C)(C)[C@H]2O)cc1,IC50,'=',510.0,nM
CHEMBL389891,CCc1ccc(S(=O)(=O)N[C@H]2c3cc(C(=O)N4CCC[C@H]4CNc4c(C)cccc4C)ccc3OC(C)(C)[C@@H]2O)cc1,IC50,'=',260.0,nM
CHEMBL3975620,Cn1c(=O)ccc2cc(OCCCCCN(Cc3cccnc3)Cc3cccnc3)ccc21,IC50,'=',510.0,nM
CHEMBL3957181,O=C1NCCc2cc(OCCCN(CCc3cccnc3)Cc3ccncc3)ccc21,IC50,'=',940.0,nM
CHEMBL3786440,COCCOCCNC(=O)C1c2cc(F)ccc2C(=O)N1CC(C)c1ccc(Cl)cc1,IC50,'>',32000.0,nM
CHEMBL3622356,COc1cccc2c1C(NC[C@]1(c3ccccc3)CC[C@H](OC(=O)N(C)CCN(C)C)CC1)=NS2(=O)=O,IC50,'>',10000.0,nM
CHEMBL3622358,CCOC(=O)N[C@H]1CC[C@](CNC2=NS(=O)(=O)c3cccc(OC)c32)(c2ccccc2)CC1,IC50,'=',55.0,nM
CHEMBL3622360,COc1cccc2c1C(NC[C@]1(c3ccccc3)CC[C@H](NC(=O)OC(C)C)CC1)=NS2(=O)=O,IC50,'=',52.0,nM
CHEMBL3623053,COc1cccc2c1C(NC[C@]1(c3ccccc3)CC[C@H](Nc3ncccn3)CC1)=NS2(=O)=O,IC50,'=',47.0,nM
CHEMBL397591,Nc1ncc(/C=C/CNC(=O)c2cc(Br)c(Br)[nH]2)[nH]1,IC50,'=',16000.0,nM
CHEMBL3622357,COc1cccc2c1C(NC[C@]1(c3ccccc3)CC[C@H](N)CC1)=NS2(=O)=O,IC50,'>',10000.0,nM
CHEMBL3623054,COc1cccc2c1C(NC[C@]1(c3ccccc3)CC[C@H](n3cnnn3)CC1)=NS2(=O)=O,IC50,'=',32.0,nM
CHEMBL3622348,CCNC(=O)O[C@H]1CC[C@](CNC2=NS(=O)(=O)c3cccc(OC)c32)(c2ccccc2)CC1,IC50,'=',65.0,nM
CHEMBL217096,O=C1CSC(c2ccc(Cl)cc2)N1OCc1ccccc1,IC50,'=',997.0,nM
CHEMBL3729169,CN(CCN(CCCOc1ccc2c(c1)N(C)C(=O)C(C)(C)C(=O)N2C)Cc1ccncc1)C(=O)c1ccccc1.Cl.Cl,IC50,'=',690.0,nM
CHEMBL2312925,O=P(c1ccccc1)(c1ccccc1)C(c1cccnc1)c1cccnc1,IC50,'=',180.0,nM
CHEMBL2312923,O=P(Nc1cc(F)ccc1-n1cccn1)(c1ccccc1)c1ccccc1,IC50,'=',4100.0,nM
CHEMBL146771,C[C@@H](OC(=O)NCc1ccccc1-c1ccccc1C(=O)NCCc1ccccn1)c1ccccc1,IC50,'=',2400.0,nM
CHEMBL97079,CC(C)CCNS(=O)(=O)c1cc(C(=O)NC2CCc3ccccc32)c(Cl)cc1Cl,IC50,'=',2800.0,nM
CHEMBL570815,COc1ccc(CCN2C(=O)N(NS(=O)(=O)CC#N)C[C@@H]2c2ccc(OC)cc2)cc1,IC50,'=',230.0,nM
CHEMBL571953,COCCOc1ccc(C2CN(NS(C)(=O)=O)C(=O)N2CCc2ccc(OC)cc2)cc1,IC50,'=',7450.0,nM
CHEMBL147315,O=C(NCc1ccccc1-c1ccccc1C(=O)NCc1ccc(F)cc1F)OCc1ccccc1,IC50,'=',1200.0,nM
CHEMBL96965,CC[C@H](NC(=O)c1ccccc1NS(=O)(=O)CCC(C)C)c1ccccc1,IC50,'=',1700.0,nM
CHEMBL3729497,CCN1C(=O)C(C)(C)C(=O)N(C)c2cc(OCCCN(CCn3ccc4ccoc4c3=O)Cc3ccccc3C)ccc21,IC50,'=',220.0,nM
CHEMBL3729664,CCN1C(=O)C(C)(C)C(=O)N(C)c2cc(OCCCN(CCc3cccnc3)Cc3ccccc3)ccc21,IC50,'=',290.0,nM
CHEMBL4483629,Clc1nc(NCc2ccccn2)c2c(-c3ccccc3)cccc2n1,IC50,'=',70.0,nM
CHEMBL605576,CC1=C(C(=O)N2CCCC2c2ccc(F)cc2)C(c2ccc(Cl)c(Cl)c2)n2nccc2N1,IC50,'=',2100.0,nM
CHEMBL3785865,Cc1c(O)ccc2c1C(=O)N(Cc1ccccc1-c1ccccc1)C2C(=O)NC(C)(C)C,IC50,'=',1100.0,nM
CHEMBL3947498,CN(CCN(CCCOc1ccc2c(ccc(=O)n2C)c1)Cc1ccncc1)C(=O)c1ccccc1,IC50,'=',1700.0,nM
CHEMBL3943457,Cn1c(=O)ccc2cc(OCCCCCN(CCc3cccnc3)C(=O)c3cccnc3)ccc21,IC50,'=',1400.0,nM
CHEMBL420266,CC[C@H](NC(=O)c1ccccc1NS(=O)(=O)c1ccc(C(F)(F)F)cc1)c1ccccc1,IC50,'=',6200.0,nM
CHEMBL289939,COc1ccc(CCN2C(=O)CSC2c2ccc(C)c(C)c2)cc1,IC50,'=',900.0,nM
CHEMBL3127418,N#Cc1ccccc1S(=O)(=O)N(Cc1ccc(F)cc1)C[C@@H]1CCC(=O)N1,IC50,'>',30000.0,nM
CHEMBL390105,CCc1ccc(S(=O)(=O)N[C@@H]2c3cc(C(=O)NCCc4c[nH]cn4)ccc3OC(C)(C)[C@H]2O)cc1,IC50,'>',10000.0,nM
CHEMBL388762,CCc1ccc(S(=O)(=O)N[C@@H]2c3cc(C(=O)n4nc(-c5ccccc5)cc4N)ccc3OC(C)(C)[C@H]2O)cc1,IC50,'=',79.0,nM
CHEMBL228330,CCc1ccc(S(=O)(=O)N[C@@H]2c3cc(C(=O)N(CC)CCNc4ccccc4)ccc3OC(C)(C)[C@H]2O)cc1,IC50,'=',77.0,nM
CHEMBL230564,CCc1ccc(S(=O)(=O)N(Cc2cccnc2)[C@@H]2c3cc(C(=O)NCCc4ccccc4)ccc3OC(C)(C)[C@H]2O)cc1,IC50,'=',130.0,nM
CHEMBL230776,CCc1ccc(S(=O)(=O)N(CC(C)(C)C)[C@@H]2c3cc(C(=O)NCCc4ccccc4)ccc3OC(C)(C)[C@H]2O)cc1,IC50,'=',120.0,nM
CHEMBL212453,COc1ccc(CCn2ncc(C(=O)c3ccc(C)c(C)c3)n2)cc1,IC50,'=',294.0,nM
CHEMBL215023,COc1ccc2c(=O)n(CC(O)CO)c(C#N)c(-c3cccc(F)c3)c2c1,IC50,'=',870.0,nM
CHEMBL214969,COc1ccc2c(=O)n(CCO)c(C#N)c(-c3cccc(F)c3)c2c1,IC50,'=',690.0,nM
CHEMBL97828,CCCS(=O)(=O)Nc1ccccc1C(=O)N[C@@H](CC)c1ccccc1,IC50,'=',3100.0,nM
CHEMBL1290171,CC(C)(CNC(=O)C1CCCCN1)CN(C1=NS(=O)(=O)c2cc(F)ccc21)c1ccccc1,IC50,'=',5970.0,nM
CHEMBL1289851,CC(C)(CNC(=O)CC1CCCCO1)CN(C1=NS(=O)(=O)c2cc(F)ccc21)c1ccccc1,IC50,'=',780.0,nM
CHEMBL3916855,COc1ccc(CCO[C@H]2CCCC[C@@H]2N2CC[C@@H](O)C2)cc1OC.Cl,IC50,'=',6000.0,nM
CHEMBL433220,CC[C@H](NC(=O)c1ccccc1NS(=O)(=O)c1cccc2cnccc12)c1ccccc1,IC50,'=',9000.0,nM
CHEMBL94764,Cc1ccc(S(=O)(=O)Nc2ccccc2C(=O)NCc2ccccc2)cc1,IC50,'=',4100.0,nM
CHEMBL1091163,OC(c1cccnc1)(c1cccnc1)C(c1ccccc1)N1CCCOCC1,IC50,'=',517.0,nM
CHEMBL602854,CC1=C(C(=O)N2CCC[C@H]2c2cc(C)on2)C(c2ccc(Cl)c(Cl)c2)n2nccc2N1,IC50,'>',1000.0,nM
CHEMBL568957,COc1ccc(CCN2C(=O)N(NS(=O)(=O)Cc3cccnc3)C[C@@H]2c2ccc(OC)cc2)cc1,IC50,'=',600.0,nM
CHEMBL42934,CCCCc1ccc(S(=O)(=O)N[C@@H]2c3cc(NC(=O)c4cccc(OC)c4)ccc3CC[C@H]2O)cc1,IC50,'=',140.0,nM
CHEMBL239807,CCc1ccc(S(=O)(=O)N[C@@H]2c3cc(NC(=O)c4cccc(OC)c4)ccc3CC[C@H]2O)cc1,IC50,'=',440.0,nM
CHEMBL512964,COc1cccc(C(=O)Nc2ccc3c(c2)[C@@H](NS(=O)(=O)c2ccc(C(C)C)cc2)[C@H](O)CC3)c1,IC50,'=',430.0,nM
CHEMBL468514,CCCCCc1ccc(S(=O)(=O)N[C@@H]2c3cc(NC(=O)c4cccc(OC)c4)ccc3CC[C@H]2O)cc1,IC50,'=',70.0,nM
CHEMBL467040,CCc1ccc(S(=O)(=O)N[C@@H]2c3cc(NC(=O)c4ccccc4OC)ccc3CC[C@H]2O)cc1,IC50,'=',450.0,nM
CHEMBL512460,CCc1ccc(S(=O)(=O)N[C@@H]2c3cc(NC(=O)c4cccc(Cl)c4)ccc3CC[C@H]2O)cc1,IC50,'=',710.0,nM
CHEMBL467478,CCc1ccc(S(=O)(=O)N[C@@H]2c3cc(NC(=O)/C=C/c4ccccc4)ccc3CC[C@H]2O)cc1,IC50,'=',200.0,nM
CHEMBL513656,CCc1ccc(S(=O)(=O)N[C@H]2CCCc3ccc(NC(=O)CCc4ccccc4)cc32)cc1,IC50,'=',280.0,nM
CHEMBL1289416,CC(C)(CNC(=O)C1CC1(F)F)CN(C1=NS(=O)(=O)c2cc(F)ccc21)c1ccccc1,IC50,'=',320.0,nM
CHEMBL1289300,COc1cnccc1C(=O)NCC(C)(C)CN(C1=NS(=O)(=O)c2cc(F)ccc21)c1ccccc1,IC50,'=',370.0,nM
CHEMBL1289968,CC(C)(CNC(=O)C1CCOCC1(C)C)CN(C1=NS(=O)(=O)c2cc(F)ccc21)c1ccccc1,IC50,'=',960.0,nM
CHEMBL1290620,CC(C)(CNC(=O)c1cc2ccccc2o1)CN(C1=NS(=O)(=O)c2cc(F)ccc21)c1ccccc1,IC50,'>',50000.0,nM
CHEMBL1289189,CC(C)(CNC(=O)c1ccncc1O)CN(C1=NS(=O)(=O)c2cc(F)ccc21)c1ccccc1,IC50,'>',50000.0,nM
CHEMBL567023,CC1=C(c2ncc(-c3ccccc3)o2)C(c2ccc(Cl)c(Cl)c2)n2nccc2N1,IC50,'>',1000.0,nM
CHEMBL585125,CCCCc1nnc(C2=C(C)Nc3ccnn3C2c2ccc(Cl)c(Cl)c2)o1,IC50,'>',1000.0,nM
CHEMBL567024,CC1=C(c2nc3ccc(Cl)cc3n2C)C(c2ccc(Cl)c(Cl)c2)n2nccc2N1,IC50,'=',660.0,nM
CHEMBL512242,CCc1ccc(S(=O)(=O)N[C@@H]2c3cc(NC(=O)[C@H]4C[C@@H]4c4ccccc4)ccc3CC[C@H]2O)cc1,IC50,'=',350.0,nM
CHEMBL475630,CCc1ccc(S(=O)(=O)N[C@@H]2c3cc(NC(=O)[C@H]4CCCN4Cc4cccc(OC(F)(F)F)c4)ccc3CC[C@H]2O)cc1,IC50,'=',290.0,nM
CHEMBL217571,COc1ccc2c(=O)n(C[C@@H](O)CO)c(C#N)c(-c3ccccc3)c2c1,IC50,'=',1050.0,nM
CHEMBL216894,COc1ccc2c(=O)n(C[C@H](O)CO)c(C#N)c(-c3ccccc3)c2c1,IC50,'=',1010.0,nM
CHEMBL215050,COCCN(C)CCn1c(C#N)c(-c2cccc(F)c2)c2cc(OC)ccc2c1=O,IC50,'=',790.0,nM
CHEMBL214578,COc1ccc2c(C(=O)NCCO)nc(C#N)c(-c3ccccc3)c2c1,IC50,'=',60.0,nM
CHEMBL214742,COc1ccc2c(=O)n(C)c(CN(C)C)c(-c3ccccc3)c2c1,IC50,'=',190.0,nM
CHEMBL1290063,CC(C)(CNC(=O)C1(O)CCOCC1)CN(C1=NS(=O)(=O)c2cc(F)ccc21)c1ccccc1,IC50,'=',1980.0,nM
CHEMBL1290398,CC(C)(CNC(=O)C1COCCN1)CN(C1=NS(=O)(=O)c2cc(F)ccc21)c1ccccc1,IC50,'=',2000.0,nM
CHEMBL2312921,CCCN(c1cccc(S(C)(=O)=O)c1)P(=O)(c1ccccc1)c1ccccc1,IC50,'=',930.0,nM
CHEMBL97793,CC[C@H](NC(=O)c1ccccc1NS(=O)(=O)CC)c1ccccc1,IC50,'=',10000.0,nM
CHEMBL2312930,N#Cc1cccc(-c2ncccc2CNP(=O)(c2ccccc2)c2ccccc2)c1,IC50,'=',540.0,nM
CHEMBL1091879,CC(C)C(N1CCOCC1)C(O)(c1cccnc1)c1cccnc1,IC50,'=',2140.0,nM
CHEMBL3787088,CC(C)(C)NC(=O)C1c2ccccc2C(=O)N1Cc1cc(F)ccc1-c1ccccc1,IC50,'=',1400.0,nM
CHEMBL2442379,COc1ccc(-c2cc(=O)c3cc(C)ccc3o2)cc1,IC50,'=',13700.0,nM
CHEMBL3902378,Cn1c(=O)ccc2cc(OCCCN(CCc3ccccn3)Cc3ccncc3)ccc21,IC50,'=',6300.0,nM
CHEMBL3893861,Cn1c(=O)c(OCCCN(CCc2cccnc2)Cc2ccncc2)cc2ccccc21,IC50,'=',300.0,nM
CHEMBL1290739,CC(C)(CNC(=O)c1cocn1)CN(C1=NS(=O)(=O)c2cc(F)ccc21)c1ccccc1,IC50,'=',900.0,nM
CHEMBL1289417,CC(C)(CNC(=O)C1(C)CC1)CN(C1=NS(=O)(=O)c2cc(F)ccc21)c1ccccc1,IC50,'=',370.0,nM
CHEMBL1290619,CC(=O)NCC(C)(C)CN(C1=NS(=O)(=O)c2cc(F)ccc21)c1ccccc1,IC50,'=',1180.0,nM
CHEMBL518717,CC1=C(C(=O)N2CCC2)C(c2ccc(Cl)c(Cl)c2)n2nccc2N1,IC50,'=',970.0,nM
CHEMBL2152523,c1ccc([C@H]([C@@H](c2ccccc2)N2CCCCC2)N2CCCCC2)cc1,IC50,'=',410.0,nM
CHEMBL318879,CC[C@H](NC(=O)c1cc(OC)ccc1NS(=O)(=O)c1ccc(C)cc1)c1ccccc1,IC50,'=',500.0,nM
CHEMBL2331988,CC1=C(c2ncnn2C(C)(C)C)[C@@H](c2ccc(Cl)c(Cl)c2)n2nccc2N1,IC50,'=',223.0,nM
CHEMBL2332461,CC1=C(c2ncn(-c3ccccc3C)n2)[C@@H](c2ccc(Cl)c(Cl)c2)n2nc(C)cc2N1,IC50,'=',722.0,nM
CHEMBL2312931,O=P(NCc1cccnc1-c1cc(Cl)cc(Cl)c1)(c1ccccc1)c1ccccc1,IC50,'=',80.0,nM
CHEMBL2312927,O=P(c1ccccc1)(c1ccccc1)C(c1cccnc1)N1CCCCC1,IC50,'=',140.0,nM
CHEMBL4080304,CN(c1cccnc1)c1ncccc1CC(c1cccnc1)c1cccnc1,IC50,'=',90.0,nM
CHEMBL4094185,CN(C)C(=O)c1cccc(-c2ccc(F)cc2CC(c2cccnc2)c2cccnc2)c1,IC50,'=',116.0,nM
CHEMBL3356070,COc1cccc2c1c(NCC(C)(C)c1ccccc1)nn2C,IC50,'=',198.0,nM
CHEMBL2042160,CC1=C(C(=O)N2CCC[C@H]2c2cc(C)no2)[C@@H](c2nc3ccccc3s2)n2nc(C(F)(F)F)cc2N1,IC50,'=',281.0,nM
CHEMBL4202870,Cc1[nH]c(C(=O)NC/C=C/c2c[nH]c(N)n2)cc1Cl,IC50,'>',30000.0,nM
CHEMBL2152523,c1ccc([C@H]([C@@H](c2ccccc2)N2CCCCC2)N2CCCCC2)cc1,IC50,'=',1700.0,nM
CHEMBL2313224,O=P(Nc1cccnc1)(c1ccccc1)c1ccccc1,IC50,'>',30000.0,nM
CHEMBL2440395,COc1ccc(NC(=O)Cn2cc(CCNS(=O)(=O)c3ccc(OC)cc3)c3ccccc32)cc1,IC50,'=',1720.0,nM
CHEMBL2440394,Cc1ccc(S(=O)(=O)NCCc2cn(CC(=O)Nc3ccc(Cl)cc3)c3ccccc23)cc1,IC50,'=',12920.0,nM
CHEMBL2313226,O=P(c1ccccc1)(c1ccccc1)N(Cc1ccccn1)c1cccnc1,IC50,'=',530.0,nM
CHEMBL258718,CCc1ccc(S(=O)(=O)N[C@@H]2c3cc(C(=O)N(CC)Cc4ccccc4OC)cnc3OC(C)(C)[C@H]2O)cc1,IC50,'=',2090.0,nM
CHEMBL2164389,O=C(NCc1ccc(OC(F)(F)F)cc1)C1c2ccccc2C(=O)N1CCc1ccccn1,IC50,'=',1500.0,nM
CHEMBL1289068,CC(C)(CNC(=O)C1CC1)CN(C1=NS(=O)(=O)c2cc(F)ccc21)c1ccccc1,IC50,'=',490.0,nM
CHEMBL3727564,CCN1C(=O)C(C)(C)C(=O)N(C)c2cc(OCCCN(CCc3cccnc3)Cc3ccccc3-c3cccnc3)ccc21,IC50,'=',180.0,nM
CHEMBL3729766,CCCN1C(=O)C(C)(C)C(=O)N(C)c2cc(OCCCN(CCc3cccnc3)Cc3ccncc3)ccc21.Cl.Cl.Cl,IC50,'=',580.0,nM
CHEMBL3731879,CCN1C(=O)C(C)(C)C(=O)N(C)c2cc(OCCCN(CCn3ccc4ccccc4c3=O)S(=O)(=O)c3ccccc3)ccc21,IC50,'=',360.0,nM
CHEMBL3729707,CCN1C(=O)C(C)(C)C(=O)N(C)c2cc(OCCCN(CCn3ccc4sccc4c3=O)Cc3cccnc3C)ccc21,IC50,'=',500.0,nM
CHEMBL1290281,CN1CCC(C(=O)NCC(C)(C)CN(C2=NS(=O)(=O)c3cc(F)ccc32)c2ccccc2)CC1,IC50,'>',50000.0,nM
CHEMBL4527638,CCCN(CC)[C@H](c1ccccn1)[C@@H](c1cccc(C#N)c1)N(CCOC)C[C@H](C)CO,IC50,'=',390.0,nM
CHEMBL2331984,CCn1ncnc1C1=C(C)Nc2ccnn2[C@@H]1c1ccc(Cl)c(Cl)c1,IC50,'=',191.0,nM
CHEMBL405821,NC(=O)C(c1ccccc1)(c1ccc(F)cc1)c1ccc(F)cc1,IC50,'>',1000.0,nM
CHEMBL4079636,c1cncc(C(Cc2ccccc2-c2cncc3ccccc23)c2cccnc2)c1,IC50,'=',133.0,nM
CHEMBL3298226,COc1cccc2ccnc(NCC(C)(C)c3ccccc3)c12,IC50,'=',22.0,nM
CHEMBL3622347,COc1cccc2c1C(NC[C@]1(c3ccccc3)CC[C@@H](O)CC1)=NS2(=O)=O,IC50,'>',300.0,nM
CHEMBL3622349,COc1cccc2c1C(NC[C@]1(c3ccccc3)CC[C@H](OC(=O)NC3CC3)CC1)=NS2(=O)=O,IC50,'=',170.0,nM
CHEMBL3622361,COc1cccc2c1C(NC[C@]1(c3ccccc3)CC[C@H](NC(=O)OCC(F)(F)F)CC1)=NS2(=O)=O,IC50,'=',28.0,nM
CHEMBL1813048,CC(=O)Nc1cccc(Nc2ncnc(N3CCC(OCc4ccc(OC(F)(F)F)cc4)CC3)n2)c1C,IC50,'>',33300.0,nM
CHEMBL4097255,c1ccc(-c2cccc3nc(-c4cncnc4)nc(NCc4ccccn4)c23)cc1,IC50,'=',90.0,nM
CHEMBL3127409,O=C1CC[C@@H](CN(Cc2ccc(F)cc2)S(=O)(=O)c2ccccc2)N1,IC50,'=',8800.0,nM
CHEMBL3127408,O=C1CC[C@@H](CN(Cc2ccc(F)cc2)S(=O)(=O)c2ccc(F)cc2)N1,IC50,'=',4100.0,nM
CHEMBL3127406,O=S(=O)(c1ccccc1F)N(Cc1ccccc1)Cc1ccc(F)cc1,IC50,'=',4800.0,nM
CHEMBL3127395,COc1ccc(S(=O)(=O)N(Cc2ccccc2)[C@H]2CCCC[C@@H]2O)cc1,IC50,'=',2000.0,nM
CHEMBL569268,CC1=C(c2nc3ccccc3[nH]2)C(c2ccc(Cl)c(Cl)c2)n2nccc2N1,IC50,'=',510.0,nM
CHEMBL585353,CC1=C(c2nc3cc(C(F)(F)F)ccc3n2C)C(c2ccc(Cl)c(Cl)c2)n2nccc2N1,IC50,'=',540.0,nM
CHEMBL568098,CC1=C(c2nc3cc(S(=O)(=O)Nc4ccccc4)ccc3n2C)C(c2ccc(Cl)c(Cl)c2)n2nccc2N1,IC50,'>',1000.0,nM
CHEMBL481396,CCCCNC(=O)C1=C(C)Nc2ccnn2C1c1ccc(Cl)c(Cl)c1,IC50,'=',440.0,nM
CHEMBL603705,COC(=O)[C@@H]1CCCN1C(=O)C1=C(C)Nc2ccnn2C1c1ccc(Cl)c(Cl)c1,IC50,'=',150.0,nM
CHEMBL600211,CC1=C(C(=O)N2CCC[C@H]2c2nc(C)no2)C(c2ccc(Cl)c(Cl)c2)n2nccc2N1,IC50,'>',1000.0,nM
CHEMBL601035,CC1=C(C(=O)N2CCC[C@H]2c2nnn(C)n2)C(c2ccc(Cl)c(Cl)c2)n2nccc2N1,IC50,'=',480.0,nM
CHEMBL4094177,OC(Cc1cccnc1-c1cc(Cl)cc(Cl)c1)(c1cccnc1)c1cccnc1,IC50,'=',84.0,nM
CHEMBL481399,CC1=C(C(=O)N2CCN(c3ccc(F)cc3)CC2)C(c2sc3ccccc3c2C)n2nccc2N1,IC50,'=',200.0,nM
CHEMBL148356,C[C@H](OC(=O)NCc1ccccc1-c1cccnc1C(=O)NCC1CC1)c1ccccc1,IC50,'=',400.0,nM
CHEMBL465085,CC1=C(C(=O)Nc2ccccc2)C(c2ccc(Cl)c(Cl)c2)n2nccc2N1,IC50,'=',170.0,nM
CHEMBL567887,CC1=C(c2nnc(-c3ccccc3)o2)C(c2ccc(Cl)c(Cl)c2)n2nccc2N1,IC50,'>',1000.0,nM
CHEMBL566800,CC1=C(c2nc3cccc(Cl)c3n2C)C(c2ccc(Cl)c(Cl)c2)n2nccc2N1,IC50,'=',71.0,nM
CHEMBL569269,CC1=C(c2nc3cccc(C)c3n2C)C(c2ccc(Cl)c(Cl)c2)n2nccc2N1,IC50,'=',110.0,nM
CHEMBL585923,CC1=C(c2nc3cc(C)ccc3n2C)C(c2ccc(Cl)c(Cl)c2)n2nccc2N1,IC50,'=',200.0,nM
CHEMBL571976,CC1=C(c2nc3cc(F)ccc3n2C)C(c2ccc(Cl)c(Cl)c2)n2nccc2N1,IC50,'=',15.0,nM
CHEMBL567671,COCC1=C(c2nc3cc(F)ccc3n2C)C(c2ccc(Cl)c(Cl)c2)n2nccc2N1,IC50,'=',30.0,nM
CHEMBL465085,CC1=C(C(=O)Nc2ccccc2)C(c2ccc(Cl)c(Cl)c2)n2nccc2N1,IC50,'=',170.0,nM
CHEMBL465086,CC1=C(C(=O)NCc2ccccc2)C(c2ccc(Cl)c(Cl)c2)n2nccc2N1,IC50,'=',160.0,nM
CHEMBL319310,Cc1ccc(S(=O)(=O)Nc2ccccc2C(=O)N(Cc2ccccc2)Cc2cc[nH]n2)cc1,IC50,'=',500.0,nM
CHEMBL387935,Clc1ccc(CCO[C@@H]2CCCC[C@H]2N2CCOCC2)cc1Cl,IC50,'=',3600.0,nM
CHEMBL464077,CC1=C(C(=O)N2CCN(c3ccc(F)cc3)CC2)C(c2ccc(Cl)c(Cl)c2)n2nccc2N1,IC50,'=',120.0,nM
CHEMBL464068,CC1=C(C(=O)N2CCN(c3ccc(F)cc3)CC2)C(c2cc(Cl)ccc2Cl)n2nccc2N1,IC50,'=',820.0,nM
CHEMBL447625,CCCNC(=O)C1=C(C)Nc2ccnn2C1c1ccc(Cl)c(Cl)c1,IC50,'=',490.0,nM
CHEMBL520917,CCCCN(CCCC)C(=O)C1=C(C)Nc2ccnn2C1c1ccc(Cl)c(Cl)c1,IC50,'=',310.0,nM
CHEMBL517078,CC1=C(C(=O)N2CCN(c3ccccc3)CC2)C(c2ccc(Cl)c(Cl)c2)n2nccc2N1,IC50,'=',85.0,nM
CHEMBL565312,CC1=C(c2nc3c(F)cccc3n2C)C(c2ccc(Cl)c(Cl)c2)n2nccc2N1,IC50,'=',64.0,nM
CHEMBL215818,COc1ccc2c(-n3cnc(C)c3)nc(C#N)c(-c3cccc(F)c3)c2c1,IC50,'=',260.0,nM
CHEMBL383997,COc1ccc2c(OC[C@H](O)CO)nc(C#N)c(-c3ccccc3)c2c1,IC50,'=',160.0,nM
CHEMBL577300,CC1=C(c2nc3ccccc3n2C)C(c2ccc(Cl)c(Cl)c2)n2nccc2N1,IC50,'=',75.0,nM
CHEMBL566382,CC1=C(c2nc3cc(Cl)ccc3n2C)C(c2ccc(Cl)c(Cl)c2)n2nccc2N1,IC50,'=',68.0,nM
CHEMBL605576,CC1=C(C(=O)N2CCCC2c2ccc(F)cc2)C(c2ccc(Cl)c(Cl)c2)n2nccc2N1,IC50,'=',1800.0,nM
CHEMBL2152525,c1ccc([C@H]([C@@H](c2ccccc2)N2CCCC2)N2CCCC2)cc1,IC50,'=',600.0,nM
CHEMBL2312929,O=P(NCc1cccnc1-c1cccc(Cl)c1)(c1ccccc1)c1ccccc1,IC50,'=',330.0,nM
CHEMBL1290282,CN1CCCC(C(=O)NCC(C)(C)CN(C2=NS(=O)(=O)c3cc(F)ccc32)c2ccccc2)C1,IC50,'=',13700.0,nM
CHEMBL517791,CC1=C(C(=O)NCCc2ccccc2)C(c2ccc(Cl)c(Cl)c2)n2nccc2N1,IC50,'=',100.0,nM
CHEMBL2042152,COCC1=C(C(=O)N2CCC[C@H]2c2cc(C)no2)[C@@H](c2ccc(Cl)c(Cl)c2)n2nccc2N1,IC50,'=',70.0,nM
CHEMBL1091863,OC(c1ccccc1)(c1ccccc1)C(c1ccccc1)N1CCOCC1,IC50,'=',204.0,nM
CHEMBL1088805,OC(Cc1ccccc1)(c1cccnc1)c1cccnc1,IC50,'=',7107.0,nM
CHEMBL1090160,OC(c1cccnc1)(c1cccnc1)C(c1ccccc1)N1CCCCC1,IC50,'=',206.0,nM
CHEMBL519762,CCN(CC)C(=O)C1=C(C)Nc2ccnn2C1c1ccc(Cl)c(Cl)c1,IC50,'=',440.0,nM
CHEMBL571041,COc1ccc(CCN2C(=O)N(NS(C)(=O)=O)CC2c2ccc(C(F)(F)F)cc2)cc1,IC50,'=',250.0,nM
CHEMBL2332445,CC1=C(c2ncnn2-c2cc(C)ccn2)[C@@H](c2ccc(Cl)c(Cl)c2)n2nc(C(F)(F)F)cc2N1,IC50,'=',410.0,nM
CHEMBL2332451,CC1=C(c2nccn2C(C)C)[C@@H](c2ccc(Cl)c(Cl)c2)n2nc(C(F)(F)F)cc2N1,IC50,'=',204.0,nM
CHEMBL2332446,CC1=C(c2ncnn2-c2ccc(C)cn2)[C@@H](c2ccc(Cl)c(Cl)c2)n2nc(C(F)(F)F)cc2N1,IC50,'=',389.0,nM
CHEMBL343456,O=C(NC1CCCCC1)c1cccc2cccc(NS(=O)(=O)c3ccc(Cl)cc3)c12,IC50,'=',9500.0,nM
CHEMBL570805,CCOc1ccc(CCN2C(=O)N(NS(C)(=O)=O)C[C@@H]2c2ccc(OC)cc2)cc1,IC50,'=',770.0,nM
CHEMBL228331,CCc1ccc(S(=O)(=O)N[C@@H]2c3cc(C(=O)NCCc4ccccn4)ccc3OC(C)(C)[C@H]2O)cc1,IC50,'>',1000.0,nM
CHEMBL388538,CCc1ccc(S(=O)(=O)N[C@@H]2c3cc(C(=O)N(C)c4ccccc4)ccc3OC(C)(C)[C@H]2O)cc1,IC50,'=',280.0,nM
CHEMBL230351,CC1(C)Oc2ccc(C(=O)NCCc3ccccc3)cc2[C@@H](NS(=O)(=O)c2ccc(F)cc2)[C@@H]1O,IC50,'>',1000.0,nM
CHEMBL2440382,Cc1ccc(S(=O)(=O)N/N=C/c2cn(CC(=O)Nc3ccc(Cl)cc3)c3ccccc23)cc1,IC50,'=',1900.0,nM
CHEMBL391488,CCc1ccc(S(=O)(=O)N[C@@H]2c3c(cccc3NC(=O)c3cccc(OC)c3)C[C@H]2O)cc1,IC50,'=',880.0,nM
CHEMBL147971,CC(C)CCNC(=O)c1ccccc1-c1ccccc1CNS(=O)(=O)c1ccccc1,IC50,'=',2600.0,nM
CHEMBL1289301,CC(C)(CNC(=O)c1ncccc1O)CN(C1=NS(=O)(=O)c2cc(F)ccc21)c1ccccc1,IC50,'=',460.0,nM
CHEMBL1290738,CNC(=O)NCC(C)(C)CN(C1=NS(=O)(=O)c2cc(F)ccc21)c1ccccc1,IC50,'=',2220.0,nM
CHEMBL480019,CC1=C(C(=O)N2CCN(c3ccc(F)cc3)CC2)C(c2ccc(Cl)s2)n2nccc2N1,IC50,'=',230.0,nM
CHEMBL464067,CC1=C(C(=O)N2CCN(c3ccc(F)cc3)CC2)C(c2ccc(Cl)cc2Cl)n2nccc2N1,IC50,'=',280.0,nM
CHEMBL465125,CC1=C(C(=O)N2CCN(c3ccc(F)cc3)CC2)C(c2cccc(C)c2)n2nccc2N1,IC50,'=',540.0,nM
CHEMBL148342,COc1ccc(CC(=O)NCc2ccccc2-c2ccccc2C(=O)NCc2ccc(F)cc2F)cc1,IC50,'=',1200.0,nM
CHEMBL610340,CC1=C(C(=O)N2CCC[C@H]2c2nnc[nH]2)C(c2ccc(Cl)c(Cl)c2)n2nccc2N1,IC50,'>',1000.0,nM
CHEMBL1289188,CC(C)(CNC(=O)c1cnccn1)CN(C1=NS(=O)(=O)c2cc(F)ccc21)c1ccccc1,IC50,'=',350.0,nM
CHEMBL216496,COc1ccc(CC(=O)N2CCSC2c2ccc(C)c(C)c2)cc1,IC50,'=',537.0,nM
CHEMBL97682,O=C(NCc1ccccc1)c1cc(Cl)ccc1NS(=O)(=O)c1ccc(Cl)cc1,IC50,'=',5600.0,nM
CHEMBL217014,COc1cccc(CON2C(=O)CSC2c2ccc(Cl)cc2)c1,IC50,'=',380.0,nM
CHEMBL216281,CCc1c2c(n(C)c1CC)CCC/C2=N\OC(=O)Nc1ccccc1,IC50,'=',21.0,nM
CHEMBL216436,CC(C)N(C(=O)C(c1cccnc1)C(CNC(=O)N[C@H](C)c1ccccc1)c1ccccc1)C(C)C,IC50,'=',283.0,nM
CHEMBL385960,CC(C)N(C(=O)C(c1cccnc1)C(CNC(=O)NCCc1ccccc1)c1ccccc1)C(C)C,IC50,'=',298.0,nM
CHEMBL217510,COc1ccc(CCn2nnn[n+]2-c2ccc(Cl)c(Cl)c2)cc1,IC50,'=',550.0,nM
CHEMBL1090792,CC(C)(O)C(c1ccccc1)N1CCOCC1,IC50,'>',60000.0,nM
CHEMBL1090817,CN(C)C(c1ccccc1)C(O)(c1cccnc1)c1cccnc1,IC50,'=',850.0,nM
CHEMBL583047,COc1ccc([C@H]2CN(NS(C)(=O)=O)C(=O)N2CCc2ccc(OC(F)(F)F)cc2)cc1,IC50,'=',520.0,nM
CHEMBL479618,CC1=C(C(=O)N2CCC(c3ccccc3)CC2)C(c2ccc(Cl)c(Cl)c2)n2nccc2N1,IC50,'=',159.0,nM
CHEMBL466838,CCCc1ccc(S(=O)(=O)N[C@@H]2c3cc(NC(=O)c4cccc(OC)c4)ccc3CC[C@H]2O)cc1,IC50,'=',90.0,nM
CHEMBL1289530,CC(C)(CNC(=O)C1(C(F)(F)F)CCC1)CN(C1=NS(=O)(=O)c2cc(F)ccc21)c1ccccc1,IC50,'=',320.0,nM
CHEMBL1090793,CC(C)C(N1CCOCC1)C(O)(c1ccccc1)c1ccccc1,IC50,'=',3242.0,nM
CHEMBL1091880,OC(c1cccnc1)(c1cccnc1)C(Cc1ccccc1)N1CCOCC1,IC50,'=',4946.0,nM
CHEMBL146482,CC(C)C[C@H](NC(=O)c1ccccc1-c1ccccc1CNC(=O)OCc1ccccc1)C(N)=O,IC50,'=',300.0,nM
CHEMBL288131,CCc1ccc(S(=O)(=O)N[C@@H]2c3cc(NC(=O)c4cccc(OC)c4)ccc3C[C@H]2O)cc1,IC50,'=',160.0,nM
CHEMBL571039,COc1ccc(CCN2C(=O)N(NS(=O)(=O)CF)C[C@@H]2c2ccc(OC)cc2)cc1,IC50,'=',900.0,nM
CHEMBL2312933,CCCN(c1cccnc1)P(=O)(c1ccccc1)c1ccccc1,IC50,'=',120.0,nM
CHEMBL2313229,O=P(c1ccccc1)(c1ccccc1)N(Cc1ccccn1)Cc1ccccn1,IC50,'=',1300.0,nM
CHEMBL3787412,Cc1c(NS(C)(=O)=O)ccc2c1C(=O)N(Cc1ccccc1-c1ccccc1)C2C(=O)NC(C)(C)C,IC50,'=',31000.0,nM
CHEMBL3786473,CC(c1ccccc1)N1C(=O)c2ccccc2C1C(=O)NC(C)(C)CO,IC50,'>',10000.0,nM
CHEMBL3787036,CC(C)(C)NC(=O)C1c2ccc(NS(C)(=O)=O)cc2C(=O)N1Cc1ccccc1-c1ccccc1,IC50,'=',7600.0,nM
CHEMBL3787356,CC(C)(C)NC(=O)C1c2c(O)cccc2C(=O)N1Cc1ccccc1-c1ccccc1,IC50,'=',2100.0,nM
CHEMBL98180,Cc1ccc(S(=O)(=O)Nc2ccccc2C(=O)N(Cc2ccco2)Cc2nccn2C)cc1,IC50,'=',1200.0,nM
CHEMBL3127401,N#Cc1cccc(S(=O)(=O)N(Cc2ccc(Cl)cc2)C[C@@H]2CCC(=O)N2)c1,IC50,'=',2200.0,nM
CHEMBL2440404,CCCCOc1ccc(S(=O)(=O)NC(Cc2c[nH]c3ccccc23)C(=O)OC)cc1,IC50,'=',8370.0,nM
CHEMBL3938362,CCN1C(=O)C(C)(C)C(=O)N(C)c2cc(CN(CCn3cc(C)c4occc4c3=O)Cc3cccnc3COC)ccc21,IC50,'=',2900.0,nM
CHEMBL464066,CC1=C(C(=O)N2CCN(c3ccc(F)cc3)CC2)C(c2cccc(Cl)c2Cl)n2nccc2N1,IC50,'=',160.0,nM
CHEMBL524191,CCc1ccc(S(=O)(=O)N[C@@H]2c3cc(NC(=O)[C@H]4CCCN4Cc4cccc(Cl)c4)ccc3CC[C@H]2O)cc1,IC50,'=',220.0,nM
CHEMBL387993,CCc1ccc(S(=O)(=O)N[C@@H]2c3cc(C(=O)N4CCC[C@H]4CNc4c(C)cccc4C)ccc3OC(C)(C)[C@H]2O)cc1,IC50,'=',120.0,nM
CHEMBL228491,Cc1cccc(S(=O)(=O)N[C@@H]2c3cc(C(=O)NCCc4ccccc4)ccc3OC(C)(C)[C@H]2O)c1,IC50,'=',340.0,nM
CHEMBL466019,COc1cccc(C(=O)Nc2ccc3c(c2)[C@@H](NS(=O)(=O)c2ccc(C(C)(C)C)cc2)[C@H](O)CC3)c1,IC50,'=',160.0,nM
CHEMBL467671,CCc1ccc(S(=O)(=O)N[C@@H]2c3cc(NC(=O)c4ccc(Cl)cc4)ccc3CC[C@H]2O)cc1,IC50,'=',340.0,nM
CHEMBL1289187,CC(C)(CNC(=O)C1(C(=O)O)CC1)CN(C1=NS(=O)(=O)c2cc(F)ccc21)c1ccccc1,IC50,'>',50000.0,nM
CHEMBL520586,COC[C@@H]1CCCN1C(=O)C1=C(C)Nc2ccnn2C1c1ccc(Cl)c(Cl)c1,IC50,'=',200.0,nM
CHEMBL605576,CC1=C(C(=O)N2CCCC2c2ccc(F)cc2)C(c2ccc(Cl)c(Cl)c2)n2nccc2N1,IC50,'=',70.0,nM
CHEMBL466224,CCc1ccc(S(=O)(=O)N[C@@H]2c3cc(NC(=O)CCc4ccccc4)ccc3CC[C@H]2O)cc1,IC50,'=',250.0,nM
CHEMBL513486,CCc1ccc(S(=O)(=O)N[C@H]2CCCc3ccc(NC(=O)c4cccc(OC)c4)cc32)cc1,IC50,'=',590.0,nM
CHEMBL1090795,CC(N1CCOCC1)C(O)(c1cccnc1)c1cccnc1,IC50,'>',60000.0,nM
CHEMBL358048,CC(C)CCNC(=O)c1ccccc1-c1ccncc1CNC(=O)OCc1ccccc1,IC50,'=',7000.0,nM
CHEMBL601247,CC1=C(C(=O)N2CCCC2c2ccncc2)C(c2ccc(Cl)c(Cl)c2)n2nccc2N1,IC50,'=',310.0,nM
CHEMBL146726,CC(C)CCNC(=O)c1ccncc1-c1ccccc1CNC(=O)OCc1ccccc1,IC50,'=',12000.0,nM
CHEMBL2331994,CC1=C(c2ncnn2CCCC(F)(F)F)[C@@H](c2ccc(Cl)c(Cl)c2)n2nccc2N1,IC50,'=',103.0,nM
CHEMBL2332453,CC1=C(c2ncnn2-c2ccc(F)cc2)[C@@H](c2ccc(Cl)c(Cl)c2)n2nccc2N1,IC50,'=',115.0,nM
CHEMBL316891,CC[C@H](NC(=O)c1ccccc1NS(=O)(=O)c1ccccc1)c1ccccc1,IC50,'=',6900.0,nM
CHEMBL327334,CC[C@H](NC(=O)c1cc(C(C)=O)ccc1NS(=O)(=O)c1ccc(C)cc1)c1ccccc1,IC50,'=',3800.0,nM
CHEMBL387993,CCc1ccc(S(=O)(=O)N[C@@H]2c3cc(C(=O)N4CCC[C@H]4CNc4c(C)cccc4C)ccc3OC(C)(C)[C@H]2O)cc1,IC50,'=',60.0,nM
CHEMBL316494,Cc1ccc(S(=O)(=O)Nc2ccccc2C(=O)N(Cc2cccnc2)Cc2cccnc2)cc1,IC50,'=',2200.0,nM
CHEMBL1290397,CC(C)(CNC(=O)C1CCCNC1)CN(C1=NS(=O)(=O)c2cc(F)ccc21)c1ccccc1,IC50,'>',50000.0,nM
CHEMBL3298228,COc1cccc2nc(O)nc(NCC(C)(C)c3ccccc3)c12,IC50,'=',23.0,nM
CHEMBL3298145,CCc1cccc2onc(NCC(C)(C)c3ccccc3)c12,IC50,'=',219.0,nM
CHEMBL3914098,COc1ccc(CCOC2CCCCC2N2CCC(O)C2)cc1OC.Cl,IC50,'=',5000.0,nM
CHEMBL601672,CC1=C(C(=O)N2CCC(c3ccc(F)cc3)C2)C(c2ccc(Cl)c(Cl)c2)n2nccc2N1,IC50,'=',160.0,nM
CHEMBL480990,CC1=C(C(=O)N2CCN(c3ccc(F)cc3)CC2)C(c2cc(C)cc(C)c2)n2nccc2N1,IC50,'=',420.0,nM
CHEMBL79,CCN(CC)CC(=O)Nc1c(C)cccc1C,IC50,'=',2188000.0,nM
CHEMBL652,O=C(NCC1CCCCN1)c1cc(OCC(F)(F)F)ccc1OCC(F)(F)F,IC50,'=',51000.0,nM
CHEMBL445586,COC1=CCC(CCN2C(=O)CSC2c2ccc(C)c(C)c2)C=C1,IC50,'=',137.0,nM
CHEMBL389892,CCc1ccc(S(=O)(=O)N[C@H]2c3cc(C(=O)N(CC)[C@@H]4CCN(Cc5ccccc5)C4)ccc3OC(C)(C)[C@@H]2O)cc1,IC50,'=',220.0,nM
CHEMBL216375,CCc1c2c(n(C)c1CC)CCC/C2=N\N(C)C(=O)Nc1ccc(C(C)=O)cc1,IC50,'=',370.0,nM
CHEMBL216254,CC(C)N(C(=O)C(c1cccnc1)C(CNC(=O)N[C@@H](C)c1ccccc1)c1ccccc1)C(C)C,IC50,'=',490.0,nM
CHEMBL481187,CCOC(=O)C1=C(C)Nc2ccnn2C1c1cccc(Cl)c1Cl,IC50,'=',1100.0,nM
CHEMBL465939,CC1=C(C(=O)N2CCN(c3ccc(F)cc3)CC2)C(c2ccc(Cl)cc2)n2nccc2N1,IC50,'=',440.0,nM
CHEMBL465276,CC1=C(C(=O)N2CCCC2)C(c2ccc(Cl)c(Cl)c2)n2nccc2N1,IC50,'=',660.0,nM
CHEMBL4080956,CN(C)C(=O)c1cccc(-c2ncccc2CC(c2ccnc(N)n2)c2cccnc2F)c1,IC50,'=',161.0,nM
CHEMBL4105245,Clc1ccccc1-c1ncccc1CC(c1cccnc1)c1cccnc1Cl,IC50,'=',26.0,nM
CHEMBL228864,CCc1ccc(S(=O)(=O)N[C@@H]2c3cc(C(=N)NCCc4ccccc4)ccc3OC(C)(C)[C@H]2O)cc1,IC50,'>',10000.0,nM
CHEMBL604544,CC1=C(C(=O)N2CCC[C@H]2c2nnn[nH]2)C(c2ccc(Cl)c(Cl)c2)n2nccc2N1,IC50,'>',1000.0,nM
CHEMBL4065169,CS(=O)(=O)Nc1cccc([C@H](c2ccc(F)cc2)C(c2cccnc2)c2cccnc2)n1,IC50,'=',9.0,nM
CHEMBL3785370,Cc1c(O)ccc2c1C(=O)N(Cc1ccccc1-c1ccc(F)c(F)c1)C2C(=O)NC(C)(C)C,IC50,'=',3500.0,nM
CHEMBL42934,CCCCc1ccc(S(=O)(=O)N[C@@H]2c3cc(NC(=O)c4cccc(OC)c4)ccc3CC[C@H]2O)cc1,IC50,'~',50.0,nM
CHEMBL216624,CCc1c(C)[nH]c2c1/C(=N/N(C)C(=O)Nc1ccc(Cl)cc1)CCC2,IC50,'=',130.0,nM
CHEMBL387102,COc1cccc(CON2C(=O)CSC2c2ccc(Cl)c(Cl)c2)c1,IC50,'=',179.0,nM
CHEMBL217473,CNC(=O)CC(c1ccccc1)C(C(=O)N(C(C)C)C(C)C)c1cccnc1,IC50,'=',2669.0,nM
CHEMBL384780,Cc1cccc(CNC(=O)NCC(c2ccccc2)C(C(=O)N(C(C)C)C(C)C)c2cccnc2)c1,IC50,'=',252.0,nM
CHEMBL1290621,CC(C)(CNC(=O)c1cscn1)CN(C1=NS(=O)(=O)c2cc(F)ccc21)c1ccccc1,IC50,'=',290.0,nM
CHEMBL1289070,Cn1ccnc1C(=O)NCC(C)(C)CN(C1=NS(=O)(=O)c2cc(F)ccc21)c1ccccc1,IC50,'=',520.0,nM
CHEMBL601248,CC1=C(C(=O)N2CCCC2c2cccnc2)C(c2ccc(Cl)c(Cl)c2)n2nccc2N1,IC50,'>',1000.0,nM
CHEMBL601641,CC1=C(C(=O)N2CCC[C@H]2c2cc(C)no2)C(c2ccc(Cl)c(Cl)c2)n2nccc2N1,IC50,'=',110.0,nM
CHEMBL467631,CC1=C(C(=O)N2CCN(c3ccc(F)cc3)CC2)C(c2ccc3ccccc3c2)n2nccc2N1,IC50,'=',650.0,nM
CHEMBL482381,CC1=C(C(=O)N2CCN(c3ccc(F)cc3)CC2)[C@@H](c2ccc(Cl)c(Cl)c2)n2nccc2N1,IC50,'=',70.0,nM
CHEMBL2312919,N#Cc1cccc(NP(=O)(c2ccccc2)c2ccccc2)c1,IC50,'=',11000.0,nM
CHEMBL1290740,Cn1cnc(C(=O)NCC(C)(C)CN(C2=NS(=O)(=O)c3cc(F)ccc32)c2ccccc2)c1,IC50,'=',13900.0,nM
CHEMBL1289298,CC(C)(CNC(=O)C1(N)CC1)CN(C1=NS(=O)(=O)c2cc(F)ccc21)c1ccccc1,IC50,'=',790.0,nM
CHEMBL1289418,CC(C)(CNC(=O)c1cccnc1O)CN(C1=NS(=O)(=O)c2cc(F)ccc21)c1ccccc1,IC50,'=',9060.0,nM
CHEMBL2440408,COC(=O)C(Cc1c[nH]c2ccccc12)NS(=O)(=O)c1ccc(OC)cc1,IC50,'=',5450.0,nM
CHEMBL2440405,COC(=O)C(Cc1c[nH]c2ccccc12)NS(=O)(=O)c1ccc(OC(C)C)cc1,IC50,'=',3930.0,nM
CHEMBL217011,COC(=O)CC(c1cccc(Br)c1)C(C(=O)N(C(C)C)C(C)C)c1cccnc1,IC50,'=',137.0,nM
CHEMBL385662,CC(C)N(C(=O)C(c1cccnc1)C(CNC(=O)NCc1cccc(F)c1)c1ccccc1)C(C)C,IC50,'=',341.0,nM
CHEMBL259666,CCc1ccc(S(=O)(=O)N[C@@H]2c3cc(C(=O)N(CC)Cc4ccc(OC)cc4)cnc3OC(C)(C)[C@H]2O)cc1,IC50,'=',605.0,nM
CHEMBL239807,CCc1ccc(S(=O)(=O)N[C@@H]2c3cc(NC(=O)c4cccc(OC)c4)ccc3CC[C@H]2O)cc1,IC50,'=',440.0,nM
CHEMBL385237,CCc1c2c(n(C)c1C)CCC/C2=N\OC(=O)Nc1ccc(C(C)=O)cc1,IC50,'=',368.0,nM
CHEMBL216955,CC(CC(=O)NCC(c1ccccc1)C(C(=O)N(C(C)C)C(C)C)c1cccnc1)c1ccccc1,IC50,'=',94.0,nM
CHEMBL387950,CCc1ccc(S(=O)(=O)N[C@@H]2c3cc(CNCCc4ccccc4)ccc3OC(C)(C)[C@H]2O)cc1,IC50,'=',240.0,nM
CHEMBL228809,CCc1ccc(S(=O)(=O)N[C@H]2CC(C)(C)Oc3ccc(C(=O)N4CCC[C@H]4CNc4c(C)cccc4C)cc32)cc1,IC50,'=',110.0,nM
CHEMBL411970,COC(=O)CC(c1ccc(C#N)cc1)C(C(=O)N(C(C)C)C(C)C)c1cccnc1,IC50,'=',215.0,nM
CHEMBL216338,CC(C)N(C(=O)C(c1cccnc1)C(CC(=O)NCCSC(C)(C)C)c1ccccc1)C(C)C,IC50,'=',1594.0,nM
CHEMBL2042154,CC1=C(C(=O)N2CCC[C@H]2c2ccc(F)cc2)[C@@H](c2ccc(Cl)c(Cl)c2)n2nc(C)cc2N1,IC50,'=',100.0,nM
CHEMBL1289186,CC(C)(CNC(=O)C1(C(F)(F)F)CC1)CN(C1=NS(=O)(=O)c2cc(F)ccc21)c1ccccc1,IC50,'=',240.0,nM
CHEMBL1289969,CC(C)(CNC(=O)C1(C#N)CCOCC1)CN(C1=NS(=O)(=O)c2cc(F)ccc21)c1ccccc1,IC50,'=',560.0,nM
CHEMBL3729291,CCN1C(=O)C(C)(C)C(=O)N(C)c2cc(OCCCN(CCn3ccc4ccccc4c3=O)Cc3ccsc3)ccc21,IC50,'=',190.0,nM
CHEMBL97646,Cc1ccc(S(=O)(=O)Nc2ccccc2C(=O)NC(C)c2ccccc2)cc1,IC50,'=',3200.0,nM
CHEMBL94826,CC[C@H](NC(=O)c1ccccc1NS(=O)(=O)c1cccc2ccccc12)c1ccccc1,IC50,'=',3500.0,nM
CHEMBL216943,CCc1c(C)[nH]c2c1/C(=N/NC(=O)Nc1ccc(Cl)cc1)CCC2,IC50,'=',440.0,nM
CHEMBL449340,COC[C@H]1CCCN1C(=O)C1=C(C)Nc2ccnn2C1c1ccc(Cl)c(Cl)c1,IC50,'>',1000.0,nM
CHEMBL606204,CC1=C(C(=O)N2CCC[C@H]2c2nc(C)c(C)s2)C(c2ccc(Cl)c(Cl)c2)n2nccc2N1,IC50,'=',300.0,nM
CHEMBL2331985,CCCn1ncnc1C1=C(C)Nc2ccnn2[C@@H]1c1ccc(Cl)c(Cl)c1,IC50,'=',102.0,nM
CHEMBL1290737,CC(C)(CNC(=O)CC(F)(F)F)CN(C1=NS(=O)(=O)c2cc(F)ccc21)c1ccccc1,IC50,'=',270.0,nM
CHEMBL1290618,CC(C)(CNC(=O)n1cccc1)CN(C1=NS(=O)(=O)c2cc(F)ccc21)c1ccccc1,IC50,'=',340.0,nM
CHEMBL1290172,CN1CCCCC1C(=O)NCC(C)(C)CN(C1=NS(=O)(=O)c2cc(F)ccc21)c1ccccc1,IC50,'=',2880.0,nM
CHEMBL231300,CCc1ccc(S(=O)(=O)N[C@@H]2c3cc(C(=O)Nc4ccccc4)ccc3OC(C)(C)[C@H]2O)cc1,IC50,'=',260.0,nM
CHEMBL228808,CCc1ccc(S(=O)(=O)N[C@H]2c3cc(C(=O)N4CCC[C@@H]4CNc4c(C)cccc4C)ccc3OC(C)(C)[C@@H]2O)cc1,IC50,'=',89.0,nM
CHEMBL228807,CCc1ccc(S(=O)(=O)N[C@H]2c3cc(C(=O)NCCc4ccccc4)ccc3OC(C)(C)[C@@H]2O)cc1,IC50,'>',1000.0,nM
CHEMBL230775,CCc1ccc(S(=O)(=O)N(Cc2c[nH]cn2)[C@@H]2c3cc(C(=O)NCCc4ccccc4)ccc3OC(C)(C)[C@H]2O)cc1,IC50,'=',280.0,nM
CHEMBL230671,CCCCN([C@@H]1c2cc(C(=O)NCCc3ccccc3)ccc2OC(C)(C)[C@H]1O)S(=O)(=O)c1ccc(CC)cc1,IC50,'=',57.0,nM
CHEMBL2331993,CC1=C(c2ncnn2CCC(F)(F)F)[C@@H](c2ccc(Cl)c(Cl)c2)n2nccc2N1,IC50,'=',151.0,nM
CHEMBL2331989,CC1=C(c2ncnn2C2CCCC2)[C@@H](c2ccc(Cl)c(Cl)c2)n2nccc2N1,IC50,'=',37.0,nM
CHEMBL357156,CC(C)[C@H](NC(=O)c1ccccc1-c1ccccc1CNS(=O)(=O)c1cccc2ccccc12)C(N)=O,IC50,'=',11200.0,nM
CHEMBL383874,COC(=O)C[C@@H](c1ccccc1)[C@H](C(=O)N(C(C)C)C(C)C)c1cccnc1,IC50,'=',265.0,nM
CHEMBL217921,COC(=O)CC(c1cccnc1)C(C(=O)N(C(C)C)C(C)C)c1cccc(Br)c1,IC50,'=',147.0,nM
CHEMBL217291,Cc1ccc(CNC(=O)NCC(c2ccccc2)C(C(=O)N(C(C)C)C(C)C)c2cccnc2)cc1,IC50,'=',240.0,nM
CHEMBL385249,CC(C)N(C(=O)C(c1cccnc1)C(CNC(=O)NCc1ccc(F)cc1)c1ccccc1)C(C)C,IC50,'=',353.0,nM
CHEMBL387064,COc1ccc(CCn2nnn[n+]2C2(c3ccc(C)cc3)CC2)cc1,IC50,'=',330.0,nM
CHEMBL217828,COc1ccccc1CON1C(=O)CSC1c1ccc(Cl)c(Cl)c1,IC50,'=',204.0,nM
CHEMBL262209,COc1ccc(CCC(=O)N2CCSC2c2ccc(C)c(C)c2)cc1,IC50,'=',150.0,nM
CHEMBL569493,CC1=C(c2nc3ccc(C)cc3n2C)C(c2ccc(Cl)c(Cl)c2)n2nccc2N1,IC50,'=',980.0,nM
CHEMBL571916,CC1=C(c2nc3cc(S(C)(=O)=O)ccc3n2C)C(c2ccc(Cl)c(Cl)c2)n2nccc2N1,IC50,'>',1000.0,nM
CHEMBL418972,CC[C@H](NC(=O)c1cc(F)ccc1NS(=O)(=O)c1ccc(Cl)cc1)c1ccccc1,IC50,'=',6500.0,nM
CHEMBL239808,CCc1ccc(S(=O)(=O)N[C@@H]2c3cc(NC(=O)c4cccc(OC)c4)ccc3CCC[C@H]2O)cc1,IC50,'=',200.0,nM
CHEMBL260684,CCc1ccc(S(=O)(=O)N[C@H]2CCCc3ccc(N(Cc4cccc(C)n4)C(=O)CCc4ccccc4)cc32)cc1,IC50,'=',46.0,nM
CHEMBL259118,CCc1ccc(S(=O)(=O)N[C@@H]2c3cc(C(=O)Nc4ccc(Br)cc4)ccc3OC(C)(C)[C@H]2O)cc1,IC50,'=',316.0,nM
CHEMBL96144,CC[C@@H](NC(=O)c1ccccc1NS(=O)(=O)c1ccc(C)cc1)c1ccccc1,IC50,'=',2700.0,nM
CHEMBL230459,COc1ccc(S(=O)(=O)N[C@@H]2c3cc(C(=O)NCCc4ccccc4)ccc3OC(C)(C)[C@H]2O)cc1,IC50,'>',1000.0,nM
CHEMBL1290510,CC(C)(CNC(=O)c1ccoc1)CN(C1=NS(=O)(=O)c2cc(F)ccc21)c1ccccc1,IC50,'=',360.0,nM
CHEMBL1290509,CC(C)(CNC(=O)c1ccco1)CN(C1=NS(=O)(=O)c2cc(F)ccc21)c1ccccc1,IC50,'=',410.0,nM
CHEMBL1289850,CC(C)(CNC(=O)C1CCCCO1)CN(C1=NS(=O)(=O)c2cc(F)ccc21)c1ccccc1,IC50,'=',440.0,nM
CHEMBL1289639,CC(C)(CNC(=O)C1(O)CCCCC1)CN(C1=NS(=O)(=O)c2cc(F)ccc21)c1ccccc1,IC50,'=',450.0,nM
CHEMBL1289419,CC(C)(CNC(=O)C(C)(O)C(F)(F)F)CN(C1=NS(=O)(=O)c2cc(F)ccc21)c1ccccc1,IC50,'=',480.0,nM
CHEMBL1289071,CC(C)(CNC(=O)c1cc[nH]c1)CN(C1=NS(=O)(=O)c2cc(F)ccc21)c1ccccc1,IC50,'=',1320.0,nM
CHEMBL1289069,CC(C)(CNC(=O)C1(O)CC1)CN(C1=NS(=O)(=O)c2cc(F)ccc21)c1ccccc1,IC50,'=',1350.0,nM
CHEMBL1289638,CC(C)(CNC(=O)C1(N)CCCC1)CN(C1=NS(=O)(=O)c2cc(F)ccc21)c1ccccc1,IC50,'=',2640.0,nM
CHEMBL444449,O=c1ccc2c(OCCCCOc3ccccc3)c3ccoc3cc2o1,IC50,'=',3450.0,nM
CHEMBL385460,COC(=O)CC(c1ccccn1)C(C(=O)N(C(C)C)C(C)C)c1ccccc1,IC50,'=',6348.0,nM
CHEMBL386226,COC(=O)CC(c1cccnc1)C(C(=O)N(C(C)C)C(C)C)c1cccc(C#N)c1,IC50,'=',326.0,nM
CHEMBL439539,CC(C)N(C(=O)C(c1cccnc1)C(CC(=O)NCCCc1ccccc1)c1ccccc1)C(C)C,IC50,'=',589.0,nM
CHEMBL3786683,Cc1c(OCF)ccc2c1C(=O)N(Cc1ccccc1-c1ccccc1)C2C(=O)NC(C)(C)C,IC50,'=',1300.0,nM
CHEMBL4441178,FC(F)(F)c1ccc(-c2cccc3nc(-c4cncnc4)nc(NCc4ccccn4)c23)cc1,IC50,'=',150.0,nM
CHEMBL4576889,Cc1noc(C)c1-c1nc(NCc2ccccn2)c2c(-c3ccccc3)cccc2n1,IC50,'=',90.0,nM
CHEMBL4450487,N#Cc1nc(NCc2ccccn2)c2c(-c3ccccc3)cccc2n1,IC50,'=',50.0,nM
CHEMBL243664,COc1ccc(-c2cc(=O)c3c(O)cc(O)cc3o2)cc1,IC50,'=',3200.0,nM
CHEMBL584937,CC1=C(c2nc3ccccc3s2)C(c2ccc(Cl)c(Cl)c2)n2nccc2N1,IC50,'=',740.0,nM
CHEMBL1091162,CCN(CC)C(c1ccccc1)C(O)(c1cccnc1)c1cccnc1,IC50,'=',234.0,nM
CHEMBL4297317,C[C@@H](C(N)=O)[C@H](N)c1nc2ccc(C(C)(C)C)cc2[nH]1,IC50,'>',30000.0,nM
CHEMBL600211,CC1=C(C(=O)N2CCC[C@H]2c2nc(C)no2)C(c2ccc(Cl)c(Cl)c2)n2nccc2N1,IC50,'=',160.0,nM
CHEMBL604134,CC1=C(C(=O)N2CCC[C@H]2c2n[nH]c(=O)n2C)C(c2ccc(Cl)c(Cl)c2)n2nccc2N1,IC50,'>',1000.0,nM
CHEMBL273418,CC[C@H](NC(=O)c1ccccc1NS(=O)(=O)c1cccc2cccnc12)c1ccccc1,IC50,'=',600.0,nM
CHEMBL3622350,COc1cccc2c1C(NC[C@]1(c3ccccc3)CC[C@H](OC(=O)NCCC(F)(F)F)CC1)=NS2(=O)=O,IC50,'=',89.0,nM
CHEMBL4521058,FC(F)(F)c1nc(NCc2ccccn2)c2c(-c3ccccc3)cccc2n1,IC50,'=',80.0,nM
CHEMBL583430,COc1ccc(CCCN2C(=O)N(NS(C)(=O)=O)C[C@@H]2c2ccc(OC)cc2)cc1,IC50,'=',100.0,nM
CHEMBL288131,CCc1ccc(S(=O)(=O)N[C@@H]2c3cc(NC(=O)c4cccc(OC)c4)ccc3C[C@H]2O)cc1,IC50,'=',50.0,nM
CHEMBL406415,CCc1ccc(S(=O)(=O)N[C@@H]2c3cc(C(=O)N(CC)c4ccccc4)cnc3OC(C)(C)[C@H]2O)cc1,IC50,'=',378.0,nM
CHEMBL327816,CC[C@H](NC(=O)c1ccccc1NS(=O)(=O)c1ccc(OC)cc1)c1ccccc1,IC50,'=',600.0,nM
CHEMBL3727860,CCN1C(=O)C(C)(C)C(=O)N(C)c2cc(OCCCN(CCc3cccnc3)S(=O)(=O)c3ccccc3)ccc21.Cl,IC50,'=',980.0,nM
CHEMBL480796,CC1=C(C(=O)N2CCN(c3ccc(F)cc3)CC2)C(c2ccc(C)c(C)c2)n2nccc2N1,IC50,'=',750.0,nM
CHEMBL520586,COC[C@@H]1CCCN1C(=O)C1=C(C)Nc2ccnn2C1c1ccc(Cl)c(Cl)c1,IC50,'=',200.0,nM
CHEMBL584709,CC1=C(c2nc3cccc(F)c3n2C)C(c2ccc(Cl)c(Cl)c2)n2nccc2N1,IC50,'=',150.0,nM
CHEMBL3928500,COc1ccc(CCO[C@H]2CCCC[C@@H]2N2CC[C@H](O)C2)cc1OC.Cl,IC50,'=',6000.0,nM
CHEMBL228277,CCc1ccc(S(=O)(=O)N[C@@H]2c3cc(C(=O)N(CC)Cc4ccccc4F)ccc3OC(C)(C)[C@H]2O)cc1,IC50,'=',172.0,nM
CHEMBL288131,CCc1ccc(S(=O)(=O)N[C@@H]2c3cc(NC(=O)c4cccc(OC)c4)ccc3C[C@H]2O)cc1,IC50,'=',33.0,nM
CHEMBL387671,c1ccc2c(CCO[C@@H]3CCCC[C@H]3N3CCOCC3)cccc2c1,IC50,'=',1300.0,nM
CHEMBL572153,COc1ccc(CCN2C(=O)N(NS(C)(=O)=O)CC2c2ccc(C)cc2)cc1,IC50,'=',240.0,nM
CHEMBL566811,CC1=C(c2nc3ccc(F)cc3n2C)C(c2ccc(Cl)c(Cl)c2)n2nccc2N1,IC50,'=',290.0,nM
CHEMBL585123,CC1=C(c2nc3cc(Cl)ccc3n2C(C)C)C(c2ccc(Cl)c(Cl)c2)n2nccc2N1,IC50,'=',94.0,nM
CHEMBL358799,NC(=O)[C@H](Cc1ccccc1)NC(=O)c1ccccc1-c1ccccc1CNS(=O)(=O)c1cccc2ccccc12,IC50,'=',9100.0,nM
CHEMBL144107,C[C@@H](CC(=O)NCc1ccccc1-c1ccccc1C(=O)NCCc1ccccn1)c1ccccc1,IC50,'=',1000.0,nM
CHEMBL3298140,COc1cccc2onc(NCC(C)(C)c3ccccc3)c12,IC50,'=',43.0,nM
CHEMBL3298229,COc1cccc2oc(=O)nc(NCC(C)(C)c3ccccc3)c12,IC50,'=',197.0,nM
CHEMBL567234,COC(=O)c1ccc2c(c1)nc(C1=C(C)Nc3ccnn3C1c1ccc(Cl)c(Cl)c1)n2C,IC50,'=',200.0,nM
CHEMBL584507,CC(=O)Nc1ccc2c(c1)nc(C1=C(C)Nc3ccnn3C1c1ccc(Cl)c(Cl)c1)n2C,IC50,'>',1000.0,nM
CHEMBL148159,O=C(NCc1ccccc1-c1ccccc1C(=O)NCCc1ccccn1)OCc1ccccc1,IC50,'=',700.0,nM
CHEMBL569184,COc1ccc(CCN2C(=O)N(NS(C)(=O)=O)C[C@@H]2c2ccc(OC)cc2)cc1,IC50,'=',330.0,nM
CHEMBL3127402,N#Cc1cccc(S(=O)(=O)N(Cc2cccc(Cl)c2)C[C@@H]2CCC(=O)N2)c1,IC50,'=',4300.0,nM
CHEMBL3127413,COc1cccc(S(=O)(=O)N(Cc2ccc(F)cc2)C[C@@H]2CCC(=O)N2)c1,IC50,'=',2000.0,nM
CHEMBL3730543,CCN1C(=O)C(C)(C)C(=O)N(C)c2cc(OCCCN(CCn3ccc4occc4c3=O)Cc3cnccc3C)ccc21,IC50,'=',460.0,nM
CHEMBL147381,CC(C)CCNC(=O)c1ccccc1-c1ccccc1CNC(=O)OCc1ccccc1,IC50,'=',800.0,nM
CHEMBL229125,O=C1CCN([C@@H]2CCCC[C@H]2OCCc2cccc3ccccc23)C1,IC50,'=',4300.0,nM
CHEMBL465124,CC1=C(C(=O)N2CCN(c3ccc(F)cc3)CC2)C(c2cc(Cl)cc(Cl)c2)n2nccc2N1,IC50,'=',140.0,nM
CHEMBL94296,CC[C@H](NC(=O)c1ccccc1NS(=O)(=O)c1ccc(C)cc1)c1ccccc1,IC50,'=',7200.0,nM
CHEMBL1088803,CCCCC(N1CCOCC1)C(O)(c1cccnc1)c1cccnc1,IC50,'=',2869.0,nM
CHEMBL1090816,NC(c1ccccc1)C(O)(c1cccnc1)c1cccnc1,IC50,'=',16390.0,nM
CHEMBL1092574,COCCN(C)C(c1ccccc1)C(O)(c1cccnc1)c1cccnc1,IC50,'=',583.0,nM
CHEMBL95368,Cc1ccc(S(=O)(=O)Nc2ccccc2C(=O)N(Cc2ccccc2)Cc2nccn2C)cc1,IC50,'=',700.0,nM
CHEMBL289939,COc1ccc(CCN2C(=O)CSC2c2ccc(C)c(C)c2)cc1,IC50,'=',200.0,nM
CHEMBL569185,COc1ccc(CCN2C(=O)N(NS(C)(=O)=O)C[C@H]2c2ccc(OC)cc2)cc1,IC50,'=',480.0,nM
CHEMBL4089812,OC(c1cccnc1-c1cccc(Cl)c1)C(c1cccnc1)c1cccnc1,IC50,'=',283.0,nM
CHEMBL317791,C[C@H](OC(=O)NCc1ccccc1-c1ccccc1C(=O)NCCc1ccccn1)c1ccccc1,IC50,'=',200.0,nM
CHEMBL3729196,CCN1C(=O)C(C)(C)C(=O)N(C)c2cc(OCCCN(CCc3cccnc3)Cc3ccncc3C)ccc21.Cl.Cl.Cl,IC50,'=',280.0,nM
CHEMBL3731891,Cc1ccccc1CN(CCCOc1ccc2c(c1)N(C)C(=O)C(C)(C)C(=O)N2C)CCc1cccnc1.Cl.Cl,IC50,'=',250.0,nM
CHEMBL3127416,N#Cc1cccc(S(=O)(=O)N(Cc2ccc(F)cc2)C[C@@H]2CCC(=O)N2)c1,IC50,'=',2600.0,nM
CHEMBL4542281,Cc1cc(-c2ccc(C(=O)[C@@H]3CCCC[C@H]3C(=O)Nc3cnn4c3C(=O)NCC4)cc2)n[nH]1,IC50,'>',32000.0,nM
CHEMBL2440400,Cc1ccc(S(=O)(=O)N/N=C/c2cn(CC(=O)Nc3cc(C)ccc3C)c3ccccc23)cc1,IC50,'=',1770.0,nM
CHEMBL2440409,COC(=O)C(Cc1c[nH]c2ccccc12)NS(=O)(=O)c1ccc(C)cc1,IC50,'=',4720.0,nM
CHEMBL3127394,COc1ccc(S(=O)(=O)N[C@H]2CCCC[C@@H]2OCc2ccccc2)cc1,IC50,'=',28000.0,nM
CHEMBL391455,CCc1ccc(S(=O)(=O)N[C@H]2c3cc(NC(=O)c4cccc(OC)c4)ccc3C[C@@H]2O)cc1,IC50,'=',760.0,nM
CHEMBL2440407,COC(=O)C(Cc1c[nH]c2ccccc12)NS(=O)(=O)c1ccc(OC2CCCC2)cc1,IC50,'=',2380.0,nM
CHEMBL3127414,O=C1CC[C@@H](CN(Cc2ccc(F)cc2)S(=O)(=O)c2cccc3c2OCCO3)N1,IC50,'>',10000.0,nM
CHEMBL4208517,Cc1[nH]c(C(=O)NC/C=C/c2c[nH]c(N)n2)c(Br)c1Br,IC50,'>',30000.0,nM
CHEMBL444449,O=c1ccc2c(OCCCCOc3ccccc3)c3ccoc3cc2o1,IC50,'=',88.0,nM
CHEMBL3355575,COc1cnc2ccc(=O)n(C[C@H](N)[C@H]3CC[C@H](NCc4ccc5c(n4)NC(=O)CO5)CC3)c2c1,IC50,'>',333000.0,nM
CHEMBL2165063,COc1ccc2ncc(=O)n(CCN3CCC(NCc4ccc5c(n4)NC(=O)CO5)CC3)c2c1,IC50,'>',100000.0,nM
CHEMBL193,COC(=O)C1=C(C)NC(C)=C(C(=O)OC)C1c1ccccc1[N+](=O)[O-],IC50,'=',6100.0,nM
CHEMBL480807,CCCN(CCC)C(=O)C1=C(C)Nc2ccnn2C1c1ccc(Cl)c(Cl)c1,IC50,'=',70.0,nM
CHEMBL480020,CC1=C(C(=O)N2CCN(c3ccc(F)cc3)CC2)[C@@H](c2cccc(Cl)c2Cl)n2nccc2N1,IC50,'=',160.0,nM
CHEMBL3262802,O=C(c1cccs1)N1CCN(CCOc2ccc(Cl)cc2)CC1,IC50,'=',720.0,nM
CHEMBL2440386,COc1ccc2c(c1)c(/C=N/NS(=O)(=O)c1ccc(C)cc1)cn2CC(=O)Nc1ccccc1,IC50,'=',3730.0,nM
CHEMBL2440403,Cc1ccc(S(=O)(=O)N/N=C/c2cn(CC(=O)Nc3ccc(OC(F)(F)F)cc3)c3ccccc23)cc1,IC50,'=',1520.0,nM
CHEMBL2440397,CCCCOc1ccc(S(=O)(=O)NCCc2cn(CC(=O)Nc3ccc(Cl)cc3)c3ccccc23)cc1,IC50,'=',185140.0,nM
CHEMBL2440393,COc1ccc(NC(=O)Cn2cc(CCNS(=O)(=O)c3ccc(C)cc3)c3ccccc32)cc1,IC50,'=',38730.0,nM
CHEMBL258802,CCc1ccc(S(=O)(=O)N[C@@H]2c3cc(C(=O)N(CC)c4cc(F)ccc4F)cnc3OC(C)(C)[C@H]2O)cc1,IC50,'=',912.0,nM
CHEMBL3785865,Cc1c(O)ccc2c1C(=O)N(Cc1ccccc1-c1ccccc1)C2C(=O)NC(C)(C)C,IC50,'=',2000.0,nM
CHEMBL144174,C[C@H](CC(=O)NCc1ccccc1-c1ccccc1C(=O)NCCc1ccccn1)c1ccccc1,IC50,'=',300.0,nM
CHEMBL1088844,CC(C)[C@@H]1CC[C@@H](C)C[C@@H]1P(=O)(c1ccccc1)c1ccccc1,IC50,'=',30.0,nM
CHEMBL144106,CC(C)CCNC(=O)c1ccccc1-c1ccccc1CNC(=O)Oc1ccccc1,IC50,'=',3300.0,nM
CHEMBL465679,Nc1ncc(/C=C/CNC(=O)c2ccc[nH]2)[nH]1,IC50,'>',30000.0,nM
CHEMBL4213446,Cc1[nH]c(C(=O)NC/C=C/c2c[nH]c(N)n2)cc1Br,IC50,'>',30000.0,nM
CHEMBL4207745,Nc1nc(/C=C/CNC(=O)c2cc(Cl)c(Cl)[nH]2)c[nH]1,IC50,'=',6100.0,nM
CHEMBL3261430,Nc1nc(/C=C/CNC(=O)c2cc3ccccc3[nH]2)c[nH]1,IC50,'>',30000.0,nM
CHEMBL3729852,CCN1C(=O)C(C)(C)C(=O)N(C)c2cc(OCCCN(CCn3ccc4ccoc4c3=O)Cc3ccc(C(F)(F)F)cc3)ccc21,IC50,'=',190.0,nM
CHEMBL3731401,CCN1C(=O)C(C)(C)C(=O)N(C)c2cc(OCCCN(CCc3cccnc3)Cc3cccc(C#N)c3)ccc21,IC50,'=',160.0,nM
CHEMBL3729229,CCN1C(=O)C(C)(C)C(=O)N(C)c2cc(OCCCN(CCn3ccc4ccccc4c3=O)Cc3ccc(C#N)cc3)ccc21,IC50,'=',150.0,nM
CHEMBL3729985,CCN1C(=O)C(C)(C)C(=O)N(C)c2cc(OCCCN(CCn3ccc4ccoc4c3=O)Cc3ccncc3)ccc21.Cl.Cl,IC50,'=',1300.0,nM
CHEMBL3731323,CCN1C(=O)C(C)(C)C(=O)N(C)c2cc(OCCCN(CCc3cccnc3)Cc3ccncc3)ccc21.Cl.Cl.Cl,IC50,'=',400.0,nM
CHEMBL4087512,c1cncc(C(Cc2ccccc2-c2ccncc2)c2cccnc2)c1,IC50,'=',444.0,nM
CHEMBL4100098,FC(F)(F)c1cccc(-c2ncccc2CC(c2cccnc2)c2cccnc2)c1,IC50,'=',84.0,nM
CHEMBL4084347,OC(Cc1cccnc1-c1cccc(C(F)(F)F)c1)(c1cccnc1F)c1cccnc1F,IC50,'=',195.0,nM
CHEMBL4210636,Nc1nc(/C=C/CNC(=O)c2cc3cc(Cl)ccc3[nH]2)c[nH]1,IC50,'>',30000.0,nM
CHEMBL4072025,NC(=O)c1ccc(-c2nc(NCc3ccccn3)c3c(-c4ccccc4)cccc3n2)cn1,IC50,'=',100.0,nM
CHEMBL4105630,C[C@@]1(O)CC[C@H]2[C@H](CC[C@@H]3[C@@H]2CC[C@]2(C)[C@@H](C(=O)Cn4cc(C#N)cn4)CC[C@@H]32)C1,IC50,'>',30000.0,nM
CHEMBL518718,CC1=C(C(=O)N2CCCCCC2)C(c2ccc(Cl)c(Cl)c2)n2nccc2N1,IC50,'=',190.0,nM
CHEMBL3786868,CC(C)(C)NC(=O)C1c2cc(C#N)ccc2C(=O)N1Cc1ccccc1-c1ccccc1,IC50,'=',2400.0,nM
CHEMBL3785765,CC(C)(C)NC(=O)C1c2ccccc2C(=O)N1Cc1cc(F)ccc1-c1ccc(F)cc1,IC50,'=',2000.0,nM
CHEMBL3786775,Cc1c(O)ccc2c1C(=O)N(Cc1ccccc1-c1ccc(F)cc1)C2C(=O)NC(C)(C)C,IC50,'=',2700.0,nM
CHEMBL3785768,CC(C)(CN1C(=O)c2ccccc2C1C(=O)NCCCF)c1ccc(Cl)cc1,IC50,'=',700.0,nM
CHEMBL3785768,CC(C)(CN1C(=O)c2ccccc2C1C(=O)NCCCF)c1ccc(Cl)cc1,IC50,'=',1000.0,nM
CHEMBL3730746,CCN1C(=O)C(C)(C)C(=O)N(C)c2cc(OCCCN(CCn3ccc4oc(C)cc4c3=O)Cc3ccncc3)ccc21.Cl.Cl,IC50,'=',440.0,nM
CHEMBL3729281,CCN1C(=O)C(C)(C)C(=O)N(C)c2cc(OCCCN(CCn3ccc4ccccc4c3=O)Cc3ccco3)ccc21,IC50,'=',270.0,nM
CHEMBL4089937,c1ccc(-c2ccccc2CC(c2cccnc2)c2cccnc2)cc1,IC50,'=',1386.0,nM
CHEMBL4068841,N#Cc1cccc(-c2cc(F)ccc2CC(c2cccnc2)c2cccnc2)c1,IC50,'=',136.0,nM
CHEMBL4105373,CS(=O)(=O)Nc1cccc(-c2cc(F)ccc2CC(c2cccnc2)c2cccnc2)c1,IC50,'=',579.0,nM
CHEMBL4075240,Fc1ccc(CC(c2cccnc2)c2cccnc2)c(-c2cn[nH]c2)c1,IC50,'>',10000.0,nM
CHEMBL4096382,Fc1ccc(CC(c2cccnc2)c2cccnc2)c(C2CC2)c1,IC50,'>',10000.0,nM
CHEMBL4074093,Fc1ccc(CC(c2cccnc2)c2cccnc2)c(-c2cccc(C(F)(F)F)c2)c1,IC50,'=',1276.0,nM
CHEMBL4072707,Cc1cc(F)ccc1-c1ccccc1C(C#N)C(c1cccnc1)c1cccnc1,IC50,'=',137.0,nM
CHEMBL4061731,OC(c1cccnc1-c1ccccc1Cl)C(c1cccnc1)c1cccnc1,IC50,'=',171.0,nM
CHEMBL4102309,Nc1cccc(C(c2cccnc2)C(O)c2cccnc2-c2cc(Cl)cc(Cl)c2)n1,IC50,'=',153.0,nM
CHEMBL3127417,N#Cc1ccc(S(=O)(=O)N(Cc2ccc(F)cc2)C[C@@H]2CCC(=O)N2)cc1,IC50,'>',30000.0,nM
CHEMBL4527638,CCCN(CC)[C@H](c1ccccn1)[C@@H](c1cccc(C#N)c1)N(CCOC)C[C@H](C)CO,IC50,'=',4800.0,nM
CHEMBL216309,COC(=O)CC(c1ccccc1)C(C(=O)N(C(C)C)C(C)C)c1ccccn1,IC50,'=',6868.0,nM
CHEMBL3127399,CCN1C(=O)CC[C@H]1CN(Cc1ccc(F)cc1)S(=O)(=O)c1cccc(C#N)c1,IC50,'=',2800.0,nM
CHEMBL407161,CCc1ccc(S(=O)(=O)N[C@@H]2c3cc(C(=O)N(CC)c4cccc(Cl)c4)cnc3OC(C)(C)[C@H]2O)cc1,IC50,'=',649.0,nM
CHEMBL3622346,COc1cccc2c1C(NC[C@]1(c3ccccc3)CC[C@H](O)CC1)=NS2(=O)=O,IC50,'=',34.0,nM
CHEMBL3356074,COc1cccc2c1C(NCC(C)(C)c1ccccc1)=NC2=O,IC50,'=',84.0,nM
CHEMBL3298231,CCNC(=O)O[C@H]1CC[C@](CNc2nn(C)c3cccc(OC)c23)(c2ccccc2)CC1,IC50,'=',88.0,nM
CHEMBL95335,Cc1ccc(S(=O)(=O)Nc2ccccc2C(=O)N(Cc2ccccc2)CC2CC2)cc1,IC50,'=',1900.0,nM
CHEMBL2440388,COc1ccc2c(c1)c(/C=N/NS(=O)(=O)c1ccc(C)cc1)cn2CC(=O)Nc1ccc(F)cc1F,IC50,'=',2180.0,nM
CHEMBL2440402,COc1ccc(NC(=O)Cn2cc(/C=N/NS(=O)(=O)c3ccc(C)cc3)c3ccccc32)cc1,IC50,'=',16910.0,nM
CHEMBL2440401,Cc1ccc(S(=O)(=O)N/N=C/c2cn(CC(=O)Nc3ccc(C)c(C)c3)c3ccccc23)cc1,IC50,'=',11240.0,nM
CHEMBL2440398,Cc1ccc(S(=O)(=O)N/N=C/c2cn(CC(=O)Nc3ccccc3)c3ccccc23)cc1,IC50,'=',810.0,nM
CHEMBL2440392,CCCCOc1ccc(S(=O)(=O)NCCc2c[nH]c3ccccc23)cc1,IC50,'=',9950.0,nM
CHEMBL2440390,CCCCOc1ccc(S(=O)(=O)NC(Cc2ccccc2)C(=O)OC)cc1,IC50,'=',109740.0,nM
CHEMBL2440410,COC(=O)C(Cc1c[nH]c2ccccc12)NS(=O)(=O)c1ccc(Br)cc1,IC50,'=',2250.0,nM
CHEMBL3262832,COc1ccc(OCCN2CCN(CC(=O)Nc3nccs3)CC2)cc1,IC50,'=',9130.0,nM
CHEMBL3262841,O=C(c1cccs1)N1CCN(CCOc2ccc(F)cc2)CC1,IC50,'=',12710.0,nM
CHEMBL4532101,c1ccc(-c2cccc3nc(-c4cncs4)nc(NCc4ccccn4)c23)cc1,IC50,'=',50.0,nM
CHEMBL4099807,c1ccc(-c2cccc3nc(-c4cccnc4)nc(NCc4ccccn4)c23)cc1,IC50,'=',60.0,nM
CHEMBL3356073,COc1cccc2snc(NCC(C)(C)c3ccccc3)c12,IC50,'=',25.0,nM
CHEMBL3298141,CC(C)(CNc1noc2ccccc12)c1ccccc1,IC50,'=',784.0,nM
CHEMBL3298227,COc1cccc2nc(Cl)nc(NCC(C)(C)c3ccccc3)c12,IC50,'=',73.0,nM
CHEMBL3262800,COc1ccc(OCCN2CCN(C(=O)c3cccs3)CC2)cc1,IC50,'=',21920.0,nM
CHEMBL3262806,N#Cc1ccc(OCCN2CCN(C(=O)c3ccccc3)CC2)cc1,IC50,'=',4230.0,nM
CHEMBL3262816,O=C(CN1CCN(CCOc2ccc(Cl)cc2)CC1)Nc1ccccc1,IC50,'=',4380.0,nM
CHEMBL3262823,Cc1ccc(NC(=O)CN2CCN(CCOc3ccc(Cl)cc3)CC2)cc1,IC50,'=',5020.0,nM
CHEMBL3262827,Cc1ccc(OCCN2CCN(CC(=O)Nc3nccs3)CC2)cc1,IC50,'=',8930.0,nM
CHEMBL3259850,Cc1ccccc1OCCN1CCN(CC(=O)Nc2nccs2)CC1,IC50,'=',1240.0,nM
CHEMBL3785621,COc1ccc2c(c1C)C(=O)N(Cc1ccccc1-c1ccccc1)C2C(=O)NC(C)(C)C,IC50,'=',800.0,nM
CHEMBL3786460,CC(C)(C)NC(=O)C1c2ccccc2C(=O)N1Cc1ccccc1-c1ccc(F)c(F)c1,IC50,'=',1100.0,nM
CHEMBL4061436,COc1ncc(-c2nc(NCc3ccccn3)c3c(-c4ccccc4)cccc3n2)cn1,IC50,'=',100.0,nM
CHEMBL3786542,CC(C)(C)NC(=O)C1c2ccccc2C(=O)N1Cc1ccccc1-c1ccccc1,IC50,'=',3000.0,nM
CHEMBL3785486,CCCCNC(=O)C1c2ccccc2C(=O)N1CC(C)c1ccc(Cl)cc1,IC50,'=',1100.0,nM
CHEMBL3787069,CC(C)(C)NC(=O)C1c2ccc(O)cc2C(=O)N1Cc1ccccc1-c1ccccc1,IC50,'=',6900.0,nM
CHEMBL3785765,CC(C)(C)NC(=O)C1c2ccccc2C(=O)N1Cc1cc(F)ccc1-c1ccc(F)cc1,IC50,'=',900.0,nM
CHEMBL3786344,CCCNC(=O)C1c2ccccc2C(=O)N1CC(C)c1ccc(Cl)cc1,IC50,'=',400.0,nM
CHEMBL3786344,CCCNC(=O)C1c2ccccc2C(=O)N1CC(C)c1ccc(Cl)cc1,IC50,'=',700.0,nM
CHEMBL3786473,CC(c1ccccc1)N1C(=O)c2ccccc2C1C(=O)NC(C)(C)CO,IC50,'>',32000.0,nM
CHEMBL3262798,Cc1ccc(OCCN2CCN(C(=O)c3cccs3)CC2)cc1,IC50,'=',1520.0,nM
CHEMBL3262804,O=C(c1ccccc1)N1CCN(CCOc2ccccc2)CC1,IC50,'=',38780.0,nM
CHEMBL3262812,O=C(c1ccccc1Cl)N1CCN(CCOc2ccccc2)CC1,IC50,'=',56750.0,nM
CHEMBL3262815,O=C(CN1CCN(CCOc2ccc(OC(F)(F)F)cc2)CC1)Nc1ccccc1,IC50,'=',7330.0,nM
CHEMBL4084636,O=S(=O)(c1cccc(Nc2nc(Cl)nc3cccc(-c4ccccc4)c23)c1)N1CCOCC1,IC50,'=',210.0,nM
CHEMBL4450583,Fc1ccc(-c2cccc3nc(-c4cncnc4)nc(NCc4ccccn4)c23)cc1,IC50,'=',250.0,nM
CHEMBL4449766,COc1cncc(-c2nc(NCc3ccccn3)c3c(-c4ccccc4)cccc3n2)c1,IC50,'=',120.0,nM
CHEMBL143727,CC(C)CCNC(=O)c1cccnc1-c1ccccc1CNC(=O)OCc1ccccc1,IC50,'=',7800.0,nM
CHEMBL214553,COc1ccc2c(=O)n(CC(CO)NCc3cccnc3)c(C#N)c(-c3ccccc3)c2c1,IC50,'=',120.0,nM
CHEMBL216168,COc1ccc2c(=O)n(CC(O)CO)c(C#N)c(-c3cccc(C(F)(F)F)c3)c2c1,IC50,'=',250.0,nM
CHEMBL2440406,COC(=O)C(Cc1c[nH]c2ccccc12)NS(=O)(=O)c1ccc(OCC(C)C)cc1,IC50,'=',3560.0,nM
CHEMBL216086,COC(=O)CC(c1ccccc1)C(C(=O)N(C(C)C)C(C)C)c1ccccc1,IC50,'=',252.0,nM
CHEMBL3127407,O=S(=O)(c1ccc(F)cc1)N(Cc1ccc(F)cc1)Cc1ccccn1,IC50,'=',2000.0,nM
CHEMBL3731066,CCN1C(=O)C(C)(C)C(=O)N(C)c2cc(OCCCN(CCn3c(=O)ccc4ccccc43)Cc3ccncc3)ccc21,IC50,'=',240.0,nM
CHEMBL3733073,CCN1C(=O)C(C)(C)C(=O)N(C)c2cc(OCCCN(CCn3ccc4ccccc4c3=O)Cc3ccncc3)ccc21.Cl.Cl,IC50,'=',180.0,nM
CHEMBL3127400,N#Cc1cccc(S(=O)(=O)N(CCc2ccc(F)cc2)C[C@@H]2CCC(=O)N2)c1,IC50,'>',10000.0,nM
CHEMBL3356073,COc1cccc2snc(NCC(C)(C)c3ccccc3)c12,IC50,'=',24.0,nM
CHEMBL3298140,COc1cccc2onc(NCC(C)(C)c3ccccc3)c12,IC50,'=',43.0,nM
CHEMBL4474619,Cc1cc(-c2ccc(C(=O)[C@@H]3CCCC[C@H]3C(=O)Nc3cnn(C)c3S(N)(=O)=O)cc2)n[nH]1,IC50,'>',32000.0,nM
CHEMBL4474540,COCCN(C[C@H](C)O)[C@H](c1ccccn1)[C@@H](c1ccccn1)N1C2CCC1CC(OC)C2,IC50,'=',5600.0,nM
CHEMBL4517112,CCCN(CCC)[C@H](c1ccccn1)[C@@H](c1ccccn1)N(C[C@@H](C)O)C[C@@H](C)O,IC50,'=',2100.0,nM
CHEMBL148210,Cc1cccc(CNC(=O)OCc2ccccc2)c1-c1c(C)cccc1C(=O)NCCc1ccccn1,IC50,'=',1700.0,nM
CHEMBL4466634,CCCN(CC)[C@H](c1ccccn1)[C@@H](c1ccccn1)N(CCOC)C[C@H](C)CO,IC50,'=',10000.0,nM
CHEMBL4451245,CCCN(CC)[C@@H](c1ccccn1)[C@H](c1cccc(C#N)c1)N(CCOC)C[C@@H](C)CO,IC50,'=',260.0,nM
CHEMBL4475999,CCCN(CCC)[C@H](c1ccccn1)[C@@H](c1ccccn1)N(CCC)C[C@H](O)CO,IC50,'=',60.0,nM
CHEMBL3622352,COc1cccc2c1C(NC[C@]1(c3ccccc3)CC[C@H](OC(=O)NS(=O)(=O)c3ccccc3)CC1)=NS2(=O)=O,IC50,'>',10000.0,nM
CHEMBL3622359,CCNC(=O)N[C@H]1CC[C@](CNC2=NS(=O)(=O)c3cccc(OC)c32)(c2ccccc2)CC1,IC50,'>',10000.0,nM
CHEMBL3621636,Nc1nc(/C=C/CNC(=O)c2cc(Br)c[nH]2)c[nH]1,IC50,'=',7600.0,nM
CHEMBL2386850,Cc1cc(Oc2cncnc2)cc(C(=O)Nc2ccc(F)cn2)n1,IC50,'>',100000.0,nM
CHEMBL4100226,CN(C)C(=O)c1cccc(-c2ccccc2CC(c2cccnc2)c2cccnc2)c1,IC50,'=',64.0,nM
CHEMBL4085436,Clc1ccccc1-c1ncccc1CC(c1cccnc1)c1cccnc1,IC50,'=',23.0,nM
CHEMBL4067665,Nc1cccc(C(Cc2cccnc2-c2cc(Cl)cc(Cl)c2)c2cccnc2)n1,IC50,'=',62.0,nM
CHEMBL4097545,OC(c1cccnc1-c1cccc(Cl)c1Cl)C(c1cccnc1)c1cccnc1,IC50,'=',110.0,nM
CHEMBL4074029,OC(c1cccnc1-c1cc(Cl)cc(Cl)c1)C(c1cccnc1)c1ccccn1,IC50,'=',233.0,nM
CHEMBL4065169,CS(=O)(=O)Nc1cccc([C@H](c2ccc(F)cc2)C(c2cccnc2)c2cccnc2)n1,IC50,'=',11.0,nM
CHEMBL4539540,CCCN(C[C@H](C)O)[C@H](c1ccccn1)[C@@H](c1ccccn1)N1C2CCCC1CC2,IC50,'=',3400.0,nM
CHEMBL2313230,CCCN(c1cncnc1)P(=O)(c1ccccc1)c1ccccc1,IC50,'=',1000.0,nM
CHEMBL2313225,O=P(c1ccccc1)(c1ccccc1)N(c1cccnc1)c1cccnc1,IC50,'=',1600.0,nM
CHEMBL3786562,CC(C)(C)NC(=O)C1c2ccc(C#N)cc2C(=O)N1Cc1ccccc1-c1ccccc1,IC50,'=',37000.0,nM
CHEMBL3787088,CC(C)(C)NC(=O)C1c2ccccc2C(=O)N1Cc1cc(F)ccc1-c1ccccc1,IC50,'=',1600.0,nM
CHEMBL3785810,Cc1c(OC(F)F)ccc2c1C(=O)N(Cc1ccccc1-c1ccccc1)C2C(=O)NC(C)(C)C,IC50,'=',1200.0,nM
CHEMBL3785933,CCCCNC(=O)C1c2ccccc2C(=O)N1CC(C)c1ccc(F)cc1,IC50,'=',900.0,nM
CHEMBL4060189,CS(=O)(=O)Nc1cccc(-c2cc(F)ccc2CC(c2cccnc2)c2cccnc2)n1,IC50,'=',1592.0,nM
CHEMBL4081003,CC(=O)NC(c1ccccc1-c1cc(Cl)cc(Cl)c1)C(c1cccnc1)c1cccnc1,IC50,'=',148.0,nM
CHEMBL4094440,NS(=O)(=O)c1cncc(-c2nc(NCc3ccccn3)c3c(-c4ccccc4)cccc3n2)c1,IC50,'=',46.0,nM
CHEMBL4476275,CCCN(CCC)[C@H](c1ccccn1)[C@@H](c1ccccn1)N(CCC)CCC,IC50,'=',220.0,nM
CHEMBL3931230,COc1ccc(CCO[C@@H]2CCCC[C@H]2N2CC[C@H](O)C2)cc1OC.Cl,IC50,'=',6000.0,nM
CHEMBL3987081,CCN1C(=O)C(C)(C)C(=O)N(C)c2cc(CCCN(CCn3ccc4oc(C)cc4c3=O)Cc3ccncc3)ccc21,IC50,'=',620.0,nM
CHEMBL3904810,Cn1c(=O)ccc2cc(OCCCCCN(CCCc3ccccc3)c3cccnc3)ccc21,IC50,'=',600.0,nM
CHEMBL3311308,COc1ccc(S(=O)(=O)Nc2c(C)cc(C)cc2C)cc1,IC50,'>',50118.72,nM
CHEMBL4437080,N#Cc1ccc(-c2nc(NCc3ccccn3)c3c(-c4ccccc4)cccc3n2)cn1,IC50,'=',130.0,nM
CHEMBL4590051,c1ccc(-c2cccc3nc(C4CC4)nc(NCc4ccccn4)c23)cc1,IC50,'=',170.0,nM
CHEMBL4169078,N#Cc1cnc(Nc2cc(NC[C@H]3CNCCO3)c(C(F)(F)F)cn2)cn1,IC50,'>',10000.0,nM
CHEMBL3785621,COc1ccc2c(c1C)C(=O)N(Cc1ccccc1-c1ccccc1)C2C(=O)NC(C)(C)C,IC50,'=',2200.0,nM
CHEMBL3787412,Cc1c(NS(C)(=O)=O)ccc2c1C(=O)N(Cc1ccccc1-c1ccccc1)C2C(=O)NC(C)(C)C,IC50,'=',4500.0,nM
CHEMBL4078271,CN(C)c1ccc(-c2cccc3nc(-c4cncnc4)nc(NCc4ccccn4)c23)cc1,IC50,'=',330.0,nM
CHEMBL4068539,CC(=O)Nc1cncc(-c2nc(NCc3ccccn3)c3c(-c4ccccc4)cccc3n2)c1,IC50,'=',100.0,nM
CHEMBL1201729,CCCCc1oc2ccc(NS(C)(=O)=O)cc2c1C(=O)c1ccc(OCCCN(CCCC)CCCC)cc1.Cl,IC50,'=',2370.0,nM
CHEMBL3262807,Cc1ccc(OCCN2CCN(C(=O)c3ccccc3)CC2)cc1,IC50,'=',25270.0,nM
CHEMBL3262819,COc1ccc(NC(=O)CN2CCN(CCOc3ccc(C#N)cc3)CC2)cc1,IC50,'=',14460.0,nM
CHEMBL2312922,COc1ccc(-c2ncccc2NP(=O)(c2ccccc2)c2ccccc2)cc1,IC50,'=',17000.0,nM
CHEMBL243664,COc1ccc(-c2cc(=O)c3c(O)cc(O)cc3o2)cc1,IC50,'=',3400.0,nM
CHEMBL16312,COc1ccc(-c2cc(=O)c3ccccc3o2)cc1,IC50,'=',9000.0,nM
CHEMBL2332452,CCOCCn1ccnc1C1=C(C)Nc2cc(C(F)(F)F)nn2[C@@H]1c1ccc(Cl)c(Cl)c1,IC50,'=',98.0,nM
CHEMBL3262808,COc1ccc(C(=O)N2CCN(CCOc3ccccc3)CC2)cc1,IC50,'=',16070.0,nM
CHEMBL3262821,Cc1ccc(NC(=O)CN2CCN(CCOc3ccccc3)CC2)cc1,IC50,'=',16110.0,nM
CHEMBL3262843,O=C(c1cccs1)N1CCN(CCOc2ccccc2Cl)CC1,IC50,'=',9740.0,nM
CHEMBL4451245,CCCN(CC)[C@@H](c1ccccn1)[C@H](c1cccc(C#N)c1)N(CCOC)C[C@@H](C)CO,IC50,'=',7300.0,nM
CHEMBL4533149,c1ccc([C@H]([C@H](c2ccccn2)N2CCCCC2)N2CCCCC2)nc1,IC50,'=',1400.0,nM
CHEMBL3731925,CCN1C(=O)C(C)(C)C(=O)N(C)c2cc(OCCCN(CCn3ccc4occc4c3=O)Cc3cccnc3C)ccc21,IC50,'=',440.0,nM
CHEMBL3732294,CCN1C(=O)C(C)(C)C(=O)N(C)c2cc(OCCCN(CCn3ccc4ccsc4c3=O)Cc3ccncc3)ccc21,IC50,'=',380.0,nM
CHEMBL3924627,CCn1c(=O)ccc2cc(OCCCN(CCc3cccnc3)Cc3ccncc3)ccc21,IC50,'=',320.0,nM
CHEMBL3985376,CCN1C(=O)C(C)(C)C(=O)N(C)c2cc(CN(CCc3cccnc3)C(=O)Cc3cn(C)c4ccccc34)ccc21,IC50,'=',860.0,nM
CHEMBL4061436,COc1ncc(-c2nc(NCc3ccccn3)c3c(-c4ccccc4)cccc3n2)cn1,IC50,'=',100.0,nM
CHEMBL5191783,C[C@H]1C[C@@H](N2C(=N)N[C@](C)(c3cccc(Nc4ccc(C5CC5)nc4)c3Cl)CC2=O)CCO1,IC50,'=',5000.0,nM
CHEMBL5095095,C[C@H](CC[C@](C)(O)C(F)(F)F)[C@H]1CC[C@H]2[C@@H]3CC=C4C[C@@](C)(O)CC[C@]4(C)[C@H]3CC[C@]12C,IC50,'>',30000.0,nM
