compound_id,base_rdkit_smiles,relation,avg_pIC50
CHEMBL1294,C=C[C@H]1CN2CC[C@H]1C[C@@H]2[C@@H](O)c1ccnc2ccc(OC)cc12,,5.136677139879544
CHEMBL4081003,CC(=O)NC(c1ccccc1-c1cc(Cl)cc(Cl)c1)C(c1cccnc1)c1cccnc1,,6.8297382846050425
CHEMBL1290619,CC(=O)NCC(C)(C)CN(C1=NS(=O)(=O)c2cc(F)ccc21)c1ccccc1,,5.928117992693875
CHEMBL584507,CC(=O)Nc1ccc2c(c1)nc(C1=C(C)Nc3ccnn3C1c1ccc(Cl)c(Cl)c1)n2C,>,6.0
CHEMBL1813048,CC(=O)Nc1cccc(Nc2ncnc(N3CCC(OCc4ccc(OC(F)(F)F)cc4)CC3)n2)c1C,>,4.47755576649368
CHEMBL4068539,CC(=O)Nc1cncc(-c2nc(NCc3ccccn3)c3c(-c4ccccc4)cccc3n2)c1,,7.0
CHEMBL343464,CC(=O)c1ccc(S(=O)(=O)NCc2ccccc2-c2ccccc2C(=O)N[C@@H](Cc2ccccc2)C(N)=O)cc1,,5.113509274827518
CHEMBL3787356,CC(C)(C)NC(=O)C1c2c(O)cccc2C(=O)N1Cc1ccccc1-c1ccccc1,,5.600329725273209
CHEMBL3786868,CC(C)(C)NC(=O)C1c2cc(C#N)ccc2C(=O)N1Cc1ccccc1-c1ccccc1,,5.550637409205253
CHEMBL3786093,CC(C)(C)NC(=O)C1c2cc(Cl)ccc2C(=O)N1C(c1cccnc1)c1cccnc1,>,4.494850021680094
CHEMBL3786562,CC(C)(C)NC(=O)C1c2ccc(C#N)cc2C(=O)N1Cc1ccccc1-c1ccccc1,,4.431798275933005
CHEMBL3787036,CC(C)(C)NC(=O)C1c2ccc(NS(C)(=O)=O)cc2C(=O)N1Cc1ccccc1-c1ccccc1,,4.944368743170467
CHEMBL3787069,CC(C)(C)NC(=O)C1c2ccc(O)cc2C(=O)N1Cc1ccccc1-c1ccccc1,,5.118435811600431
CHEMBL3785765,CC(C)(C)NC(=O)C1c2ccccc2C(=O)N1Cc1cc(F)ccc1-c1ccc(F)cc1,,5.872363747448347
CHEMBL3787088,CC(C)(C)NC(=O)C1c2ccccc2C(=O)N1Cc1cc(F)ccc1-c1ccccc1,,5.824875990832918
CHEMBL3786519,CC(C)(C)NC(=O)C1c2ccccc2C(=O)N1Cc1ccc(F)cc1-c1ccc(F)cc1,,5.853871964321762
CHEMBL3785335,CC(C)(C)NC(=O)C1c2ccccc2C(=O)N1Cc1ccc(F)cc1-c1ccccc1,,5.933230545814891
CHEMBL3786460,CC(C)(C)NC(=O)C1c2ccccc2C(=O)N1Cc1ccccc1-c1ccc(F)c(F)c1,,5.891258027893047
CHEMBL3786303,CC(C)(C)NC(=O)C1c2ccccc2C(=O)N1Cc1ccccc1-c1ccc(F)cc1,,5.221848749616356
CHEMBL3786542,CC(C)(C)NC(=O)C1c2ccccc2C(=O)N1Cc1ccccc1-c1ccccc1,,5.583601673270349
CHEMBL3262831,CC(C)(C)c1ccc(OCCN2CCN(CC(=O)Nc3nccs3)CC2)cc1,,4.19942037843087
CHEMBL3785427,CC(C)(CN1C(=O)c2ccccc2C1C(=O)NCC(F)F)c1ccc(F)cc1,,5.920818753952375
CHEMBL3785198,CC(C)(CN1C(=O)c2ccccc2C1C(=O)NCCCC(F)F)c1ccc(F)cc1,,6.221848749616356
CHEMBL3785768,CC(C)(CN1C(=O)c2ccccc2C1C(=O)NCCCF)c1ccc(Cl)cc1,,6.151977318549908
CHEMBL1289419,CC(C)(CNC(=O)C(C)(O)C(F)(F)F)CN(C1=NS(=O)(=O)c2cc(F)ccc21)c1ccccc1,,6.318758762624412
CHEMBL1289299,CC(C)(CNC(=O)C1(C#N)CC1)CN(C1=NS(=O)(=O)c2cc(F)ccc21)c1ccccc1,,6.267606240177032
CHEMBL1289969,CC(C)(CNC(=O)C1(C#N)CCOCC1)CN(C1=NS(=O)(=O)c2cc(F)ccc21)c1ccccc1,,6.251811972993799
CHEMBL1289187,CC(C)(CNC(=O)C1(C(=O)O)CC1)CN(C1=NS(=O)(=O)c2cc(F)ccc21)c1ccccc1,>,4.301029995663981
CHEMBL1289186,CC(C)(CNC(=O)C1(C(F)(F)F)CC1)CN(C1=NS(=O)(=O)c2cc(F)ccc21)c1ccccc1,,6.619788758288394
CHEMBL1289530,CC(C)(CNC(=O)C1(C(F)(F)F)CCC1)CN(C1=NS(=O)(=O)c2cc(F)ccc21)c1ccccc1,,6.494850021680094
CHEMBL1289417,CC(C)(CNC(=O)C1(C)CC1)CN(C1=NS(=O)(=O)c2cc(F)ccc21)c1ccccc1,,6.431798275933005
CHEMBL1289298,CC(C)(CNC(=O)C1(N)CC1)CN(C1=NS(=O)(=O)c2cc(F)ccc21)c1ccccc1,,6.102372908709558
CHEMBL1289638,CC(C)(CNC(=O)C1(N)CCCC1)CN(C1=NS(=O)(=O)c2cc(F)ccc21)c1ccccc1,,5.578396073130169
CHEMBL1289069,CC(C)(CNC(=O)C1(O)CC1)CN(C1=NS(=O)(=O)c2cc(F)ccc21)c1ccccc1,,5.8696662315049934
CHEMBL1289743,CC(C)(CNC(=O)C1(O)CCC(F)(F)CC1)CN(C1=NS(=O)(=O)c2cc(F)ccc21)c1ccccc1,,6.200659450546418
CHEMBL1289531,CC(C)(CNC(=O)C1(O)CCCC1)CN(C1=NS(=O)(=O)c2cc(F)ccc21)c1ccccc1,,6.136677139879544
CHEMBL1289639,CC(C)(CNC(=O)C1(O)CCCCC1)CN(C1=NS(=O)(=O)c2cc(F)ccc21)c1ccccc1,,6.346787486224656
CHEMBL1290063,CC(C)(CNC(=O)C1(O)CCOCC1)CN(C1=NS(=O)(=O)c2cc(F)ccc21)c1ccccc1,,5.703334809738469
CHEMBL1289416,CC(C)(CNC(=O)C1CC1(F)F)CN(C1=NS(=O)(=O)c2cc(F)ccc21)c1ccccc1,,6.494850021680094
CHEMBL1289068,CC(C)(CNC(=O)C1CC1)CN(C1=NS(=O)(=O)c2cc(F)ccc21)c1ccccc1,,6.309803919971486
CHEMBL1290171,CC(C)(CNC(=O)C1CCCCN1)CN(C1=NS(=O)(=O)c2cc(F)ccc21)c1ccccc1,,5.224025668870631
CHEMBL1289850,CC(C)(CNC(=O)C1CCCCO1)CN(C1=NS(=O)(=O)c2cc(F)ccc21)c1ccccc1,,6.356547323513812
CHEMBL1290397,CC(C)(CNC(=O)C1CCCNC1)CN(C1=NS(=O)(=O)c2cc(F)ccc21)c1ccccc1,>,4.301029995663981
CHEMBL1289744,CC(C)(CNC(=O)C1CCCO1)CN(C1=NS(=O)(=O)c2cc(F)ccc21)c1ccccc1,,6.080921907623926
CHEMBL1289968,CC(C)(CNC(=O)C1CCOCC1(C)C)CN(C1=NS(=O)(=O)c2cc(F)ccc21)c1ccccc1,,6.017728766960431
CHEMBL1290398,CC(C)(CNC(=O)C1COCCN1)CN(C1=NS(=O)(=O)c2cc(F)ccc21)c1ccccc1,,5.698970004336019
CHEMBL1290737,CC(C)(CNC(=O)CC(F)(F)F)CN(C1=NS(=O)(=O)c2cc(F)ccc21)c1ccccc1,,6.568636235841013
CHEMBL1289851,CC(C)(CNC(=O)CC1CCCCO1)CN(C1=NS(=O)(=O)c2cc(F)ccc21)c1ccccc1,,6.107905397309519
CHEMBL1290620,CC(C)(CNC(=O)c1cc2ccccc2o1)CN(C1=NS(=O)(=O)c2cc(F)ccc21)c1ccccc1,>,4.301029995663981
CHEMBL1289071,CC(C)(CNC(=O)c1cc[nH]c1)CN(C1=NS(=O)(=O)c2cc(F)ccc21)c1ccccc1,,5.87942606879415
CHEMBL1289418,CC(C)(CNC(=O)c1cccnc1O)CN(C1=NS(=O)(=O)c2cc(F)ccc21)c1ccccc1,,5.042871802323186
CHEMBL1290509,CC(C)(CNC(=O)c1ccco1)CN(C1=NS(=O)(=O)c2cc(F)ccc21)c1ccccc1,,6.3872161432802645
CHEMBL1289189,CC(C)(CNC(=O)c1ccncc1O)CN(C1=NS(=O)(=O)c2cc(F)ccc21)c1ccccc1,>,4.301029995663981
CHEMBL1290510,CC(C)(CNC(=O)c1ccoc1)CN(C1=NS(=O)(=O)c2cc(F)ccc21)c1ccccc1,,6.443697499232712
CHEMBL1289188,CC(C)(CNC(=O)c1cnccn1)CN(C1=NS(=O)(=O)c2cc(F)ccc21)c1ccccc1,,6.455931955649724
CHEMBL1290739,CC(C)(CNC(=O)c1cocn1)CN(C1=NS(=O)(=O)c2cc(F)ccc21)c1ccccc1,,6.045757490560675
CHEMBL1290621,CC(C)(CNC(=O)c1cscn1)CN(C1=NS(=O)(=O)c2cc(F)ccc21)c1ccccc1,,6.5376020021010435
CHEMBL1289301,CC(C)(CNC(=O)c1ncccc1O)CN(C1=NS(=O)(=O)c2cc(F)ccc21)c1ccccc1,,6.337242168318426
CHEMBL1290618,CC(C)(CNC(=O)n1cccc1)CN(C1=NS(=O)(=O)c2cc(F)ccc21)c1ccccc1,,6.468521082957745
CHEMBL3298146,CC(C)(CNc1noc2cccc(O)c12)c1ccccc1,,6.581698708680254
CHEMBL3298141,CC(C)(CNc1noc2ccccc12)c1ccccc1,,6.105683937315561
CHEMBL1090792,CC(C)(O)C(c1ccccc1)N1CCOCC1,>,4.221848749616356
CHEMBL1090793,CC(C)C(N1CCOCC1)C(O)(c1ccccc1)c1ccccc1,,5.489186989487504
CHEMBL1091879,CC(C)C(N1CCOCC1)C(O)(c1cccnc1)c1cccnc1,,5.669586226650809
CHEMBL342350,CC(C)CCNC(=O)c1ccccc1-c1ccccc1CNC(=O)Nc1ccccc1,,5.346787486224656
CHEMBL148258,CC(C)CCNC(=O)c1ccccc1-c1ccccc1CNC(=O)OC(C)(C)C,,5.455931955649724
CHEMBL147381,CC(C)CCNC(=O)c1ccccc1-c1ccccc1CNC(=O)OCc1ccccc1,,6.096910013008056
CHEMBL144106,CC(C)CCNC(=O)c1ccccc1-c1ccccc1CNC(=O)Oc1ccccc1,,5.481486060122113
CHEMBL359386,CC(C)CCNC(=O)c1ccccc1-c1ccccc1CNC(=O)c1ccccc1,,5.3872161432802645
CHEMBL148211,CC(C)CCNC(=O)c1ccccc1-c1ccccc1CNCCc1ccccc1,,5.3979400086720375
CHEMBL147971,CC(C)CCNC(=O)c1ccccc1-c1ccccc1CNS(=O)(=O)c1ccccc1,,5.585026652029182
CHEMBL358048,CC(C)CCNC(=O)c1ccccc1-c1ccncc1CNC(=O)OCc1ccccc1,,5.154901959985743
CHEMBL143727,CC(C)CCNC(=O)c1cccnc1-c1ccccc1CNC(=O)OCc1ccccc1,,5.107905397309519
CHEMBL146726,CC(C)CCNC(=O)c1ccncc1-c1ccccc1CNC(=O)OCc1ccccc1,,4.920818753952375
CHEMBL144170,CC(C)CCNC(=O)c1ncccc1-c1ccccc1CNC(=O)OCc1ccccc1,,5.585026652029182
CHEMBL97079,CC(C)CCNS(=O)(=O)c1cc(C(=O)NC2CCc3ccccc32)c(Cl)cc1Cl,,5.552841968657781
CHEMBL146482,CC(C)C[C@H](NC(=O)c1ccccc1-c1ccccc1CNC(=O)OCc1ccccc1)C(N)=O,,6.522878745280337
CHEMBL385920,CC(C)N(C(=O)C(c1cccnc1)C(CC(=O)NCC1CN(c2ccccc2)CCO1)c1ccccc1)C(C)C,,5.471211808225104
CHEMBL439539,CC(C)N(C(=O)C(c1cccnc1)C(CC(=O)NCCCc1ccccc1)c1ccccc1)C(C)C,,6.229884705212898
CHEMBL216338,CC(C)N(C(=O)C(c1cccnc1)C(CC(=O)NCCSC(C)(C)C)c1ccccc1)C(C)C,,5.7975116829399065
CHEMBL384706,CC(C)N(C(=O)C(c1cccnc1)C(CC(=O)NCCc1ccccc1)c1ccccc1)C(C)C,,6.3872161432802645
CHEMBL217251,CC(C)N(C(=O)C(c1cccnc1)C(CC(=O)NCc1ccccc1F)c1ccccc1)C(C)C,,6.364516253185088
CHEMBL216262,CC(C)N(C(=O)C(c1cccnc1)C(CNC(=O)C(N)Cc1ccccc1F)c1ccccc1)C(C)C,,5.882728704344236
CHEMBL217684,CC(C)N(C(=O)C(c1cccnc1)C(CNC(=O)CCCc1ccccc1)c1ccccc1)C(C)C,,6.6020599913279625
CHEMBL217222,CC(C)N(C(=O)C(c1cccnc1)C(CNC(=O)CCc1ccccc1)c1ccccc1)C(C)C,,7.0
CHEMBL373704,CC(C)N(C(=O)C(c1cccnc1)C(CNC(=O)CCc1ccccc1Cl)c1ccccc1)C(C)C,,6.302770657240282
CHEMBL385809,CC(C)N(C(=O)C(c1cccnc1)C(CNC(=O)CCc1ccccc1F)c1ccccc1)C(C)C,,7.443697499232712
CHEMBL385960,CC(C)N(C(=O)C(c1cccnc1)C(CNC(=O)NCCc1ccccc1)c1ccccc1)C(C)C,,6.525783735923745
CHEMBL386975,CC(C)N(C(=O)C(c1cccnc1)C(CNC(=O)NCc1ccc(Br)cc1)c1ccccc1)C(C)C,,6.441291429466834
CHEMBL385249,CC(C)N(C(=O)C(c1cccnc1)C(CNC(=O)NCc1ccc(F)cc1)c1ccccc1)C(C)C,,6.452225294612178
CHEMBL385662,CC(C)N(C(=O)C(c1cccnc1)C(CNC(=O)NCc1cccc(F)c1)c1ccccc1)C(C)C,,6.467245621007502
CHEMBL386556,CC(C)N(C(=O)C(c1cccnc1)C(CNC(=O)NCc1ccccc1Cl)c1ccccc1)C(C)C,,6.120904120499927
CHEMBL217620,CC(C)N(C(=O)C(c1cccnc1)C(CNC(=O)NCc1ccccc1F)c1ccccc1)C(C)C,,6.823908740944319
CHEMBL216254,CC(C)N(C(=O)C(c1cccnc1)C(CNC(=O)N[C@@H](C)c1ccccc1)c1ccccc1)C(C)C,,6.309803919971486
CHEMBL216436,CC(C)N(C(=O)C(c1cccnc1)C(CNC(=O)N[C@H](C)c1ccccc1)c1ccccc1)C(C)C,,6.548213564475709
CHEMBL1088844,CC(C)[C@@H]1CC[C@@H](C)C[C@@H]1P(=O)(c1ccccc1)c1ccccc1,,6.911954370472159
CHEMBL357156,CC(C)[C@H](NC(=O)c1ccccc1-c1ccccc1CNS(=O)(=O)c1cccc2ccccc12)C(N)=O,,4.950781977329818
CHEMBL216955,CC(CC(=O)NCC(c1ccccc1)C(C(=O)N(C(C)C)C(C)C)c1cccnc1)c1ccccc1,,7.026872146400302
CHEMBL3787444,CC(CN1C(=O)c2ccccc2C1C(=O)NCC(F)F)c1ccc(Cl)cc1,,5.920818753952375
CHEMBL1090795,CC(N1CCOCC1)C(O)(c1cccnc1)c1cccnc1,>,4.221848749616356
CHEMBL218128,CC(NC(=O)CC(c1ccccc1)C(C(=O)N(C(C)C)C(C)C)c1cccnc1)c1ccccc1,,6.603800652904264
CHEMBL3786473,CC(c1ccccc1)N1C(=O)c2ccccc2C1C(=O)NC(C)(C)CO,>,5.0
CHEMBL3786255,CC(c1ccccc1)N1C(=O)c2ccccc2C1C(=O)NCc1ccccc1,,5.522878745280337
CHEMBL390106,CC1(C)Oc2ccc(C(=O)NCCc3ccccc3)cc2[C@@H](NS(=O)(=O)c2ccc(C(F)(F)F)cc2)[C@@H]1O,,6.698970004336019
CHEMBL230351,CC1(C)Oc2ccc(C(=O)NCCc3ccccc3)cc2[C@@H](NS(=O)(=O)c2ccc(F)cc2)[C@@H]1O,>,6.0
CHEMBL394848,CC1(C)Oc2ccc(C(=O)NCCc3ccccc3)cc2[C@@H](NS(=O)(=O)c2ccc([N+](=O)[O-])cc2)[C@@H]1O,>,6.0
CHEMBL228386,CC1(C)Oc2ccc(C(=O)NCCc3ccccc3)cc2[C@@H](NS(=O)(=O)c2ccccc2)[C@@H]1O,>,6.0
CHEMBL228493,CC1(C)Oc2ccc(C(=O)NCCc3ccccc3)cc2[C@@H](NS(=O)(=O)c2ccccc2OC(F)(F)F)[C@@H]1O,,6.823908740944319
CHEMBL601672,CC1=C(C(=O)N2CCC(c3ccc(F)cc3)C2)C(c2ccc(Cl)c(Cl)c2)n2nccc2N1,,6.795880017344075
CHEMBL479618,CC1=C(C(=O)N2CCC(c3ccccc3)CC2)C(c2ccc(Cl)c(Cl)c2)n2nccc2N1,,6.798602875679548
CHEMBL518717,CC1=C(C(=O)N2CCC2)C(c2ccc(Cl)c(Cl)c2)n2nccc2N1,,6.013228265733755
CHEMBL465276,CC1=C(C(=O)N2CCCC2)C(c2ccc(Cl)c(Cl)c2)n2nccc2N1,,6.180456064458132
CHEMBL605576,CC1=C(C(=O)N2CCCC2c2ccc(F)cc2)C(c2ccc(Cl)c(Cl)c2)n2nccc2N1,,6.350329725273209
CHEMBL605992,CC1=C(C(=O)N2CCCC2c2ccccc2)C(c2ccc(Cl)c(Cl)c2)n2nccc2N1,,6.823908740944319
CHEMBL601456,CC1=C(C(=O)N2CCCC2c2ccccn2)C(c2ccc(Cl)c(Cl)c2)n2nccc2N1,,6.180456064458132
CHEMBL601248,CC1=C(C(=O)N2CCCC2c2cccnc2)C(c2ccc(Cl)c(Cl)c2)n2nccc2N1,>,6.0
CHEMBL601247,CC1=C(C(=O)N2CCCC2c2ccncc2)C(c2ccc(Cl)c(Cl)c2)n2nccc2N1,,6.508638306165727
CHEMBL465277,CC1=C(C(=O)N2CCCCC2)C(c2ccc(Cl)c(Cl)c2)n2nccc2N1,,7.045757490560675
CHEMBL518718,CC1=C(C(=O)N2CCCCCC2)C(c2ccc(Cl)c(Cl)c2)n2nccc2N1,,6.721246399047171
CHEMBL601641,CC1=C(C(=O)N2CCC[C@H]2c2cc(C)no2)C(c2ccc(Cl)c(Cl)c2)n2nccc2N1,,6.959427988463823
CHEMBL2042162,CC1=C(C(=O)N2CCC[C@H]2c2cc(C)no2)[C@@H](c2cc3ccccc3n2C)n2nc(C(F)(F)F)cc2N1,,7.142667503568731
CHEMBL2042158,CC1=C(C(=O)N2CCC[C@H]2c2cc(C)no2)[C@@H](c2ccc(Cl)c(Cl)c2)n2nc(C(F)(F)F)cc2N1,,6.995678626217358
CHEMBL2042157,CC1=C(C(=O)N2CCC[C@H]2c2cc(C)no2)[C@@H](c2ccc(Cl)c(Cl)c2)n2nc(C)cc2N1,,6.782516055786093
CHEMBL2042159,CC1=C(C(=O)N2CCC[C@H]2c2cc(C)no2)[C@@H](c2ccc(Cl)c(Cl)c2)n2nc(C3CC3)cc2N1,,6.6439741428068775
CHEMBL2042156,CC1=C(C(=O)N2CCC[C@H]2c2cc(C)no2)[C@@H](c2ccc(Cl)c(Cl)c2)n2nccc2N1,,7.080921907623926
CHEMBL2042160,CC1=C(C(=O)N2CCC[C@H]2c2cc(C)no2)[C@@H](c2nc3ccccc3s2)n2nc(C(F)(F)F)cc2N1,,6.55129368009492
CHEMBL602854,CC1=C(C(=O)N2CCC[C@H]2c2cc(C)on2)C(c2ccc(Cl)c(Cl)c2)n2nccc2N1,,7.0460769239580365
CHEMBL2042154,CC1=C(C(=O)N2CCC[C@H]2c2ccc(F)cc2)[C@@H](c2ccc(Cl)c(Cl)c2)n2nc(C)cc2N1,,7.0
CHEMBL602070,CC1=C(C(=O)N2CCC[C@H]2c2ccc(F)cc2)[C@@H](c2ccc(Cl)c(Cl)c2)n2nccc2N1,,7.301029995663981
CHEMBL604134,CC1=C(C(=O)N2CCC[C@H]2c2n[nH]c(=O)n2C)C(c2ccc(Cl)c(Cl)c2)n2nccc2N1,>,6.0
CHEMBL606204,CC1=C(C(=O)N2CCC[C@H]2c2nc(C)c(C)s2)C(c2ccc(Cl)c(Cl)c2)n2nccc2N1,,6.522878745280337
CHEMBL600211,CC1=C(C(=O)N2CCC[C@H]2c2nc(C)no2)C(c2ccc(Cl)c(Cl)c2)n2nccc2N1,,6.799664247251049
CHEMBL602058,CC1=C(C(=O)N2CCC[C@H]2c2nnc(N)s2)C(c2ccc(Cl)c(Cl)c2)n2nccc2N1,>,6.0
CHEMBL610340,CC1=C(C(=O)N2CCC[C@H]2c2nnc[nH]2)C(c2ccc(Cl)c(Cl)c2)n2nccc2N1,>,6.0
CHEMBL601035,CC1=C(C(=O)N2CCC[C@H]2c2nnn(C)n2)C(c2ccc(Cl)c(Cl)c2)n2nccc2N1,,6.318758762624412
CHEMBL604544,CC1=C(C(=O)N2CCC[C@H]2c2nnn[nH]2)C(c2ccc(Cl)c(Cl)c2)n2nccc2N1,>,6.0
CHEMBL480990,CC1=C(C(=O)N2CCN(c3ccc(F)cc3)CC2)C(c2cc(C)cc(C)c2)n2nccc2N1,,6.376750709602099
CHEMBL465124,CC1=C(C(=O)N2CCN(c3ccc(F)cc3)CC2)C(c2cc(Cl)cc(Cl)c2)n2nccc2N1,,6.853871964321762
CHEMBL464068,CC1=C(C(=O)N2CCN(c3ccc(F)cc3)CC2)C(c2cc(Cl)ccc2Cl)n2nccc2N1,,6.086186147616283
CHEMBL521104,CC1=C(C(=O)N2CCN(c3ccc(F)cc3)CC2)C(c2cc3ccccc3o2)n2nccc2N1,,6.795880017344075
CHEMBL480796,CC1=C(C(=O)N2CCN(c3ccc(F)cc3)CC2)C(c2ccc(C)c(C)c2)n2nccc2N1,,6.1249387366083
CHEMBL2042149,CC1=C(C(=O)N2CCN(c3ccc(F)cc3)CC2)C(c2ccc(Cl)c(Cl)c2)n2nc(C(F)(F)F)cc2N1,,6.377785977033705
CHEMBL2042147,CC1=C(C(=O)N2CCN(c3ccc(F)cc3)CC2)C(c2ccc(Cl)c(Cl)c2)n2nc(C)cc2N1,,6.906578314837765
CHEMBL2042151,CC1=C(C(=O)N2CCN(c3ccc(F)cc3)CC2)C(c2ccc(Cl)c(Cl)c2)n2nc(Cl)cc2N1,,6.679853713888946
CHEMBL464077,CC1=C(C(=O)N2CCN(c3ccc(F)cc3)CC2)C(c2ccc(Cl)c(Cl)c2)n2nccc2N1,,6.920818753952375
CHEMBL465939,CC1=C(C(=O)N2CCN(c3ccc(F)cc3)CC2)C(c2ccc(Cl)cc2)n2nccc2N1,,6.356547323513812
CHEMBL464067,CC1=C(C(=O)N2CCN(c3ccc(F)cc3)CC2)C(c2ccc(Cl)cc2Cl)n2nccc2N1,,6.552841968657781
CHEMBL480019,CC1=C(C(=O)N2CCN(c3ccc(F)cc3)CC2)C(c2ccc(Cl)s2)n2nccc2N1,,6.638272163982407
CHEMBL467631,CC1=C(C(=O)N2CCN(c3ccc(F)cc3)CC2)C(c2ccc3ccccc3c2)n2nccc2N1,,6.187086643357144
CHEMBL465125,CC1=C(C(=O)N2CCN(c3ccc(F)cc3)CC2)C(c2cccc(C)c2)n2nccc2N1,,6.267606240177032
CHEMBL465930,CC1=C(C(=O)N2CCN(c3ccc(F)cc3)CC2)C(c2cccc(Cl)c2)n2nccc2N1,,6.721246399047171
CHEMBL464066,CC1=C(C(=O)N2CCN(c3ccc(F)cc3)CC2)C(c2cccc(Cl)c2Cl)n2nccc2N1,,6.795880017344075
CHEMBL481399,CC1=C(C(=O)N2CCN(c3ccc(F)cc3)CC2)C(c2sc3ccccc3c2C)n2nccc2N1,,6.698970004336019
CHEMBL482381,CC1=C(C(=O)N2CCN(c3ccc(F)cc3)CC2)[C@@H](c2ccc(Cl)c(Cl)c2)n2nccc2N1,,7.154901959985743
CHEMBL480020,CC1=C(C(=O)N2CCN(c3ccc(F)cc3)CC2)[C@@H](c2cccc(Cl)c2Cl)n2nccc2N1,,6.795880017344075
CHEMBL2042148,CC1=C(C(=O)N2CCN(c3ccccc3)CC2)C(c2ccc(Cl)c(Cl)c2)n2nc(C)cc2N1,,6.826813731587726
CHEMBL517078,CC1=C(C(=O)N2CCN(c3ccccc3)CC2)C(c2ccc(Cl)c(Cl)c2)n2nccc2N1,,7.070581074285707
CHEMBL517791,CC1=C(C(=O)NCCc2ccccc2)C(c2ccc(Cl)c(Cl)c2)n2nccc2N1,,7.0
CHEMBL465086,CC1=C(C(=O)NCc2ccccc2)C(c2ccc(Cl)c(Cl)c2)n2nccc2N1,,6.795880017344075
CHEMBL465085,CC1=C(C(=O)Nc2ccccc2)C(c2ccc(Cl)c(Cl)c2)n2nccc2N1,,6.769551078621726
CHEMBL565312,CC1=C(c2nc3c(F)cccc3n2C)C(c2ccc(Cl)c(Cl)c2)n2nccc2N1,,7.1938200260161125
CHEMBL567025,CC1=C(c2nc3cc(C#N)ccc3n2C)C(c2ccc(Cl)c(Cl)c2)n2nccc2N1,,6.657577319177793
CHEMBL585353,CC1=C(c2nc3cc(C(F)(F)F)ccc3n2C)C(c2ccc(Cl)c(Cl)c2)n2nccc2N1,,6.267606240177032
CHEMBL585923,CC1=C(c2nc3cc(C)ccc3n2C)C(c2ccc(Cl)c(Cl)c2)n2nccc2N1,,6.698970004336019
CHEMBL585123,CC1=C(c2nc3cc(Cl)ccc3n2C(C)C)C(c2ccc(Cl)c(Cl)c2)n2nccc2N1,,7.026872146400302
CHEMBL566382,CC1=C(c2nc3cc(Cl)ccc3n2C)C(c2ccc(Cl)c(Cl)c2)n2nccc2N1,,7.167491087293763
CHEMBL571976,CC1=C(c2nc3cc(F)ccc3n2C)C(c2ccc(Cl)c(Cl)c2)n2nccc2N1,,7.823908740944319
CHEMBL568098,CC1=C(c2nc3cc(S(=O)(=O)Nc4ccccc4)ccc3n2C)C(c2ccc(Cl)c(Cl)c2)n2nccc2N1,>,6.0
CHEMBL571916,CC1=C(c2nc3cc(S(C)(=O)=O)ccc3n2C)C(c2ccc(Cl)c(Cl)c2)n2nccc2N1,>,6.0
CHEMBL569493,CC1=C(c2nc3ccc(C)cc3n2C)C(c2ccc(Cl)c(Cl)c2)n2nccc2N1,,6.008773924307505
CHEMBL567024,CC1=C(c2nc3ccc(Cl)cc3n2C)C(c2ccc(Cl)c(Cl)c2)n2nccc2N1,,6.180456064458132
CHEMBL566811,CC1=C(c2nc3ccc(F)cc3n2C)C(c2ccc(Cl)c(Cl)c2)n2nccc2N1,,6.5376020021010435
CHEMBL583857,CC1=C(c2nc3cccc(C)c3[nH]2)C(c2ccc(Cl)c(Cl)c2)n2nccc2N1,,6.823908740944319
CHEMBL569269,CC1=C(c2nc3cccc(C)c3n2C)C(c2ccc(Cl)c(Cl)c2)n2nccc2N1,,6.958607314841775
CHEMBL566800,CC1=C(c2nc3cccc(Cl)c3n2C)C(c2ccc(Cl)c(Cl)c2)n2nccc2N1,,7.1487416512809245
CHEMBL584709,CC1=C(c2nc3cccc(F)c3n2C)C(c2ccc(Cl)c(Cl)c2)n2nccc2N1,,6.823908740944319
CHEMBL569268,CC1=C(c2nc3ccccc3[nH]2)C(c2ccc(Cl)c(Cl)c2)n2nccc2N1,,6.292429823902063
CHEMBL577300,CC1=C(c2nc3ccccc3n2C)C(c2ccc(Cl)c(Cl)c2)n2nccc2N1,,7.1249387366083
CHEMBL584937,CC1=C(c2nc3ccccc3s2)C(c2ccc(Cl)c(Cl)c2)n2nccc2N1,,6.130768280269024
CHEMBL567023,CC1=C(c2ncc(-c3ccccc3)o2)C(c2ccc(Cl)c(Cl)c2)n2nccc2N1,>,6.0
CHEMBL2332451,CC1=C(c2nccn2C(C)C)[C@@H](c2ccc(Cl)c(Cl)c2)n2nc(C(F)(F)F)cc2N1,,6.690369832574102
CHEMBL2332461,CC1=C(c2ncn(-c3ccccc3C)n2)[C@@H](c2ccc(Cl)c(Cl)c2)n2nc(C)cc2N1,,6.141462802430361
CHEMBL2332445,CC1=C(c2ncnn2-c2cc(C)ccn2)[C@@H](c2ccc(Cl)c(Cl)c2)n2nc(C(F)(F)F)cc2N1,,6.3872161432802645
CHEMBL2332457,CC1=C(c2ncnn2-c2ccc(C)cc2)[C@@H](c2ccc(Cl)c(Cl)c2)n2nccc2N1,,7.096910013008056
CHEMBL2332446,CC1=C(c2ncnn2-c2ccc(C)cn2)[C@@H](c2ccc(Cl)c(Cl)c2)n2nc(C(F)(F)F)cc2N1,,6.410050398674292
CHEMBL2332453,CC1=C(c2ncnn2-c2ccc(F)cc2)[C@@H](c2ccc(Cl)c(Cl)c2)n2nccc2N1,,6.939302159646388
CHEMBL2332443,CC1=C(c2ncnn2-c2cccc(C(F)(F)F)n2)[C@@H](c2ccc(Cl)c(Cl)c2)n2nc(C(F)(F)F)cc2N1,,7.017728766960431
CHEMBL2332447,CC1=C(c2ncnn2-c2cccc(C)n2)[C@@H](c2ccc(Cl)c(Cl)c2)n2nc(C(F)(F)F)cc2N1,,6.675717544702307
CHEMBL2332444,CC1=C(c2ncnn2-c2cccc(Cl)n2)[C@@H](c2ccc(Cl)c(Cl)c2)n2nc(C(F)(F)F)cc2N1,,6.721246399047171
CHEMBL2332454,CC1=C(c2ncnn2-c2cccc(F)c2)[C@@H](c2ccc(Cl)c(Cl)c2)n2nccc2N1,,7.013228265733755
CHEMBL2332442,CC1=C(c2ncnn2-c2cccc(F)n2)[C@@H](c2ccc(Cl)c(Cl)c2)n2nc(C(F)(F)F)cc2N1,,6.59176003468815
CHEMBL2332455,CC1=C(c2ncnn2-c2ccccc2F)[C@@H](c2ccc(Cl)c(Cl)c2)n2nccc2N1,,7.130768280269024
CHEMBL2331988,CC1=C(c2ncnn2C(C)(C)C)[C@@H](c2ccc(Cl)c(Cl)c2)n2nccc2N1,,6.651695136951839
CHEMBL2331986,CC1=C(c2ncnn2C(C)C)[C@@H](c2ccc(Cl)c(Cl)c2)n2nccc2N1,,7.050609993355087
CHEMBL2331983,CC1=C(c2ncnn2C2CCC(C(F)(F)F)CC2)[C@@H](c2ccc(Cl)c(Cl)c2)n2nc(C(F)(F)F)cc2N1,,6.546479833978829
CHEMBL2331998,CC1=C(c2ncnn2C2CCC2)[C@@H](c2ccc(Cl)c(Cl)c2)n2nc(C(C)(C)C)cc2N1,,6.548213564475709
CHEMBL2331999,CC1=C(c2ncnn2C2CCC2)[C@@H](c2ccc(Cl)c(Cl)c2)n2nc(C(F)(F)F)cc2N1,,6.782516055786093
CHEMBL2331996,CC1=C(c2ncnn2C2CCC2)[C@@H](c2ccc(Cl)c(Cl)c2)n2nc(C)cc2N1,,7.026872146400302
CHEMBL2331990,CC1=C(c2ncnn2C2CCC2)[C@@H](c2ccc(Cl)c(Cl)c2)n2nccc2N1,,7.318758762624412
CHEMBL2331989,CC1=C(c2ncnn2C2CCCC2)[C@@H](c2ccc(Cl)c(Cl)c2)n2nccc2N1,,7.431798275933005
CHEMBL2331997,CC1=C(c2ncnn2C2CCCCC2)[C@@H](c2ccc(Cl)c(Cl)c2)n2nc(C)cc2N1,,6.896196279044043
CHEMBL2331987,CC1=C(c2ncnn2C2CCCCC2)[C@@H](c2ccc(Cl)c(Cl)c2)n2nccc2N1,,7.229147988357855
CHEMBL2331992,CC1=C(c2ncnn2CC(F)(F)F)[C@@H](c2ccc(Cl)c(Cl)c2)n2nccc2N1,,6.698970004336019
CHEMBL2331991,CC1=C(c2ncnn2CC2CC2)[C@@H](c2ccc(Cl)c(Cl)c2)n2nccc2N1,,6.640164517660112
CHEMBL2331993,CC1=C(c2ncnn2CCC(F)(F)F)[C@@H](c2ccc(Cl)c(Cl)c2)n2nccc2N1,,6.82102305270683
CHEMBL2331994,CC1=C(c2ncnn2CCCC(F)(F)F)[C@@H](c2ccc(Cl)c(Cl)c2)n2nccc2N1,,6.987162775294828
CHEMBL2332465,CC1=C(c2ncnn2Cc2ccccc2)[C@@H](c2ccc(Cl)c(Cl)c2)n2nccc2N1,,6.8696662315049934
CHEMBL567887,CC1=C(c2nnc(-c3ccccc3)o2)C(c2ccc(Cl)c(Cl)c2)n2nccc2N1,>,6.0
CHEMBL2440385,CCC(=O)Oc1ccc(NC(=O)Cn2cc(/C=N/NS(=O)(=O)c3ccc(C)cc3)c3ccccc32)cc1,,5.669586226650809
CHEMBL1088803,CCCCC(N1CCOCC1)C(O)(c1cccnc1)c1cccnc1,,5.542269451754001
CHEMBL1088804,CCCCCCC(N1CCOCC1)C(O)(c1cccnc1)c1cccnc1,,5.474048658751988
CHEMBL517025,CCCCCN(CCCCC)C(=O)C1=C(C)Nc2ccnn2C1c1ccc(Cl)c(Cl)c1,,6.236572006437063
CHEMBL480611,CCCCCNC(=O)C1=C(C)Nc2ccnn2C1c1ccc(Cl)c(Cl)c1,,6.229147988357855
CHEMBL468514,CCCCCc1ccc(S(=O)(=O)N[C@@H]2c3cc(NC(=O)c4cccc(OC)c4)ccc3CC[C@H]2O)cc1,,7.154901959985743
CHEMBL520917,CCCCN(CCCC)C(=O)C1=C(C)Nc2ccnn2C1c1ccc(Cl)c(Cl)c1,,6.508638306165727
CHEMBL230671,CCCCN([C@@H]1c2cc(C(=O)NCCc3ccccc3)ccc2OC(C)(C)[C@H]1O)S(=O)(=O)c1ccc(CC)cc1,,7.2441251443275085
CHEMBL481396,CCCCNC(=O)C1=C(C)Nc2ccnn2C1c1ccc(Cl)c(Cl)c1,,6.356547323513812
CHEMBL3785721,CCCCNC(=O)C1c2ccccc2C(=O)N1CC(C)(O)c1ccc(Cl)cc1,,5.920818753952375
CHEMBL3785486,CCCCNC(=O)C1c2ccccc2C(=O)N1CC(C)c1ccc(Cl)cc1,,6.056754637413759
CHEMBL3785933,CCCCNC(=O)C1c2ccccc2C(=O)N1CC(C)c1ccc(F)cc1,,6.045757490560675
CHEMBL2440391,CCCCOc1ccc(S(=O)(=O)NC(Cc2c[nH]c3ccccc23)C(=O)O)cc1,,4.184289460211037
CHEMBL2440404,CCCCOc1ccc(S(=O)(=O)NC(Cc2c[nH]c3ccccc23)C(=O)OC)cc1,,5.07727454200674
CHEMBL2440390,CCCCOc1ccc(S(=O)(=O)NC(Cc2ccccc2)C(=O)OC)cc1,,3.9596350441399393
CHEMBL2440392,CCCCOc1ccc(S(=O)(=O)NCCc2c[nH]c3ccccc23)cc1,,5.002176919254275
CHEMBL2440397,CCCCOc1ccc(S(=O)(=O)NCCc2cn(CC(=O)Nc3ccc(Cl)cc3)c3ccccc23)cc1,,3.7324997406067344
CHEMBL2440121,CCCCOc1ccc(S(=O)(=O)NCCc2cn(CC(=O)Nc3ccc(OC)cc3)c3ccccc23)cc1,,5.20690839982342
CHEMBL42934,CCCCc1ccc(S(=O)(=O)N[C@@H]2c3cc(NC(=O)c4cccc(OC)c4)ccc3CC[C@H]2O)cc1,,7.0774509799928715
CHEMBL585125,CCCCc1nnc(C2=C(C)Nc3ccnn3C2c2ccc(Cl)c(Cl)c2)o1,>,6.0
CHEMBL1201729,CCCCc1oc2ccc(NS(C)(=O)=O)cc2c1C(=O)c1ccc(OCCCN(CCCC)CCCC)cc1,,5.6252516539898965
CHEMBL4451245,CCCN(CC)[C@@H](c1ccccn1)[C@H](c1cccc(C#N)c1)N(CCOC)C[C@@H](C)CO,,5.860851895954363
CHEMBL4527638,CCCN(CC)[C@H](c1ccccn1)[C@@H](c1cccc(C#N)c1)N(CCOC)C[C@H](C)CO,,5.863847077798956
CHEMBL4437013,CCCN(CC)[C@H](c1ccccn1)[C@@H](c1ccccn1)N(CC)CCC,,5.494850021680094
CHEMBL4466634,CCCN(CC)[C@H](c1ccccn1)[C@@H](c1ccccn1)N(CCOC)C[C@H](C)CO,,5.0
CHEMBL480807,CCCN(CCC)C(=O)C1=C(C)Nc2ccnn2C1c1ccc(Cl)c(Cl)c1,,7.154901959985743
CHEMBL4476275,CCCN(CCC)[C@H](c1ccccn1)[C@@H](c1ccccn1)N(CCC)CCC,,6.657577319177793
CHEMBL4475999,CCCN(CCC)[C@H](c1ccccn1)[C@@H](c1ccccn1)N(CCC)C[C@H](O)CO,,6.495699914119041
CHEMBL4453132,CCCN(CCC)[C@H](c1ccccn1)[C@@H](c1ccccn1)N(CCOC)C[C@H](C)O,,5.568636235841013
CHEMBL4517112,CCCN(CCC)[C@H](c1ccccn1)[C@@H](c1ccccn1)N(C[C@@H](C)O)C[C@@H](C)O,,5.6777807052660805
CHEMBL4539540,CCCN(C[C@H](C)O)[C@H](c1ccccn1)[C@@H](c1ccccn1)N1C2CCCC1CC2,,5.468521082957745
CHEMBL2312920,CCCN(c1cccc(C#N)c1)P(=O)(c1ccccc1)c1ccccc1,,6.698970004336019
CHEMBL2312921,CCCN(c1cccc(S(C)(=O)=O)c1)P(=O)(c1ccccc1)c1ccccc1,,6.031517051446065
CHEMBL2312933,CCCN(c1cccnc1)P(=O)(c1ccccc1)c1ccccc1,,6.920818753952375
CHEMBL2312918,CCCN(c1ccon1)P(=O)(c1ccccc1)c1ccccc1,,6.229147988357855
CHEMBL2313230,CCCN(c1cncnc1)P(=O)(c1ccccc1)c1ccccc1,,6.0
CHEMBL3729766,CCCN1C(=O)C(C)(C)C(=O)N(C)c2cc(OCCCN(CCc3cccnc3)Cc3ccncc3)ccc21,,6.236572006437063
CHEMBL447625,CCCNC(=O)C1=C(C)Nc2ccnn2C1c1ccc(Cl)c(Cl)c1,,6.309803919971486
CHEMBL3786344,CCCNC(=O)C1c2ccccc2C(=O)N1CC(C)c1ccc(Cl)cc1,,6.27642098432889
CHEMBL2312928,CCCNC(c1cccnc1)P(=O)(c1ccccc1)c1ccccc1,,6.1249387366083
CHEMBL97828,CCCS(=O)(=O)Nc1ccccc1C(=O)N[C@@H](CC)c1ccccc1,,5.508638306165727
CHEMBL466838,CCCc1ccc(S(=O)(=O)N[C@@H]2c3cc(NC(=O)c4cccc(OC)c4)ccc3CC[C@H]2O)cc1,,7.045757490560675
CHEMBL3730685,CCCc1ncccc1CN(CCCOc1ccc2c(c1)N(C)C(=O)C(C)(C)C(=O)N2CC)CCn1ccc2oc(C)cc2c1=O,,6.508638306165727
CHEMBL567235,CCCn1c(C2=C(C)Nc3ccnn3C2c2ccc(Cl)c(Cl)c2)nc2cc(F)ccc21,,7.318758762624412
CHEMBL2331985,CCCn1ncnc1C1=C(C)Nc2ccnn2[C@@H]1c1ccc(Cl)c(Cl)c1,,6.991399828238082
CHEMBL519762,CCN(CC)C(=O)C1=C(C)Nc2ccnn2C1c1ccc(Cl)c(Cl)c1,,6.356547323513812
CHEMBL1091162,CCN(CC)C(c1ccccc1)C(O)(c1cccnc1)c1cccnc1,,6.6307841425898575
CHEMBL79,CCN(CC)CC(=O)Nc1c(C)cccc1C,,2.6599526823386066
CHEMBL3623052,CCN(CC)S(=O)(=O)N[C@H]1CC[C@](CNC2=NS(=O)(=O)c3cccc(OC)c32)(c2ccccc2)CC1,,7.2839966563652006
CHEMBL328905,CCN(Cc1ccccc1)C(=O)c1ccccc1NS(=O)(=O)c1ccc(C)cc1,,5.301029995663981
CHEMBL3987081,CCN1C(=O)C(C)(C)C(=O)N(C)c2cc(CCCN(CCn3ccc4oc(C)cc4c3=O)Cc3ccncc3)ccc21,,6.2076083105017466
CHEMBL3985376,CCN1C(=O)C(C)(C)C(=O)N(C)c2cc(CN(CCc3cccnc3)C(=O)Cc3cn(C)c4ccccc34)ccc21,,6.0655015487564325
CHEMBL3938362,CCN1C(=O)C(C)(C)C(=O)N(C)c2cc(CN(CCn3cc(C)c4occc4c3=O)Cc3cccnc3COC)ccc21,,5.5376020021010435
CHEMBL3967653,CCN1C(=O)C(C)(C)C(=O)N(C)c2cc(CN(CCn3ccc4oc(C)cc4c3=O)Cc3cccnc3COC)ccc21,,6.200659450546418
CHEMBL3729665,CCN1C(=O)C(C)(C)C(=O)N(C)c2cc(OCCCN(CCc3cccnc3)C(=O)c3ccccc3)ccc21,,5.958607314841775
CHEMBL3731401,CCN1C(=O)C(C)(C)C(=O)N(C)c2cc(OCCCN(CCc3cccnc3)Cc3cccc(C#N)c3)ccc21,,6.795880017344075
CHEMBL3729664,CCN1C(=O)C(C)(C)C(=O)N(C)c2cc(OCCCN(CCc3cccnc3)Cc3ccccc3)ccc21,,6.5376020021010435
CHEMBL3727564,CCN1C(=O)C(C)(C)C(=O)N(C)c2cc(OCCCN(CCc3cccnc3)Cc3ccccc3-c3cccnc3)ccc21,,6.7447274948966935
CHEMBL3731323,CCN1C(=O)C(C)(C)C(=O)N(C)c2cc(OCCCN(CCc3cccnc3)Cc3ccncc3)ccc21,,6.3979400086720375
CHEMBL3729196,CCN1C(=O)C(C)(C)C(=O)N(C)c2cc(OCCCN(CCc3cccnc3)Cc3ccncc3C)ccc21,,6.552841968657781
CHEMBL3727860,CCN1C(=O)C(C)(C)C(=O)N(C)c2cc(OCCCN(CCc3cccnc3)S(=O)(=O)c3ccccc3)ccc21,,6.008773924307505
CHEMBL3731066,CCN1C(=O)C(C)(C)C(=O)N(C)c2cc(OCCCN(CCn3c(=O)ccc4ccccc43)Cc3ccncc3)ccc21,,6.619788758288394
CHEMBL3729229,CCN1C(=O)C(C)(C)C(=O)N(C)c2cc(OCCCN(CCn3ccc4ccccc4c3=O)Cc3ccc(C#N)cc3)ccc21,,6.823908740944319
CHEMBL3729281,CCN1C(=O)C(C)(C)C(=O)N(C)c2cc(OCCCN(CCn3ccc4ccccc4c3=O)Cc3ccco3)ccc21,,6.568636235841013
CHEMBL3733073,CCN1C(=O)C(C)(C)C(=O)N(C)c2cc(OCCCN(CCn3ccc4ccccc4c3=O)Cc3ccncc3)ccc21,,6.7447274948966935
CHEMBL3729291,CCN1C(=O)C(C)(C)C(=O)N(C)c2cc(OCCCN(CCn3ccc4ccccc4c3=O)Cc3ccsc3)ccc21,,6.721246399047171
CHEMBL3731879,CCN1C(=O)C(C)(C)C(=O)N(C)c2cc(OCCCN(CCn3ccc4ccccc4c3=O)S(=O)(=O)c3ccccc3)ccc21,,6.443697499232712
CHEMBL3729998,CCN1C(=O)C(C)(C)C(=O)N(C)c2cc(OCCCN(CCn3ccc4ccoc4c3=O)Cc3ccc(C#N)cc3)ccc21,,6.795880017344075
CHEMBL3729852,CCN1C(=O)C(C)(C)C(=O)N(C)c2cc(OCCCN(CCn3ccc4ccoc4c3=O)Cc3ccc(C(F)(F)F)cc3)ccc21,,6.721246399047171
CHEMBL3729497,CCN1C(=O)C(C)(C)C(=O)N(C)c2cc(OCCCN(CCn3ccc4ccoc4c3=O)Cc3ccccc3C)ccc21,,6.657577319177793
CHEMBL3732734,CCN1C(=O)C(C)(C)C(=O)N(C)c2cc(OCCCN(CCn3ccc4ccoc4c3=O)Cc3cccs3)ccc21,,6.7447274948966935
CHEMBL3729985,CCN1C(=O)C(C)(C)C(=O)N(C)c2cc(OCCCN(CCn3ccc4ccoc4c3=O)Cc3ccncc3)ccc21,,5.886056647693163
CHEMBL3732294,CCN1C(=O)C(C)(C)C(=O)N(C)c2cc(OCCCN(CCn3ccc4ccsc4c3=O)Cc3ccncc3)ccc21,,6.42021640338319
CHEMBL3730746,CCN1C(=O)C(C)(C)C(=O)N(C)c2cc(OCCCN(CCn3ccc4oc(C)cc4c3=O)Cc3ccncc3)ccc21,,6.356547323513812
CHEMBL3733333,CCN1C(=O)C(C)(C)C(=O)N(C)c2cc(OCCCN(CCn3ccc4oc(C)cc4c3=O)Cc3cnccc3C)ccc21,,6.481486060122113
CHEMBL3730396,CCN1C(=O)C(C)(C)C(=O)N(C)c2cc(OCCCN(CCn3ccc4occc4c3=O)Cc3ccc(C)nc3C)ccc21,,6.119186407719209
CHEMBL3730145,CCN1C(=O)C(C)(C)C(=O)N(C)c2cc(OCCCN(CCn3ccc4occc4c3=O)Cc3cccnc3)ccc21,,6.4089353929735005
CHEMBL3731925,CCN1C(=O)C(C)(C)C(=O)N(C)c2cc(OCCCN(CCn3ccc4occc4c3=O)Cc3cccnc3C)ccc21,,6.356547323513812
CHEMBL3730543,CCN1C(=O)C(C)(C)C(=O)N(C)c2cc(OCCCN(CCn3ccc4occc4c3=O)Cc3cnccc3C)ccc21,,6.337242168318426
CHEMBL3728819,CCN1C(=O)C(C)(C)C(=O)N(C)c2cc(OCCCN(CCn3ccc4sccc4c3=O)Cc3cccnc3)ccc21,,6.376750709602099
CHEMBL3729707,CCN1C(=O)C(C)(C)C(=O)N(C)c2cc(OCCCN(CCn3ccc4sccc4c3=O)Cc3cccnc3C)ccc21,,6.301029995663981
CHEMBL3732894,CCN1C(=O)C(C)(C)C(=O)N(CC)c2cc(OCCCN(CCc3cccnc3)Cc3ccncc3)ccc21,,6.236572006437063
CHEMBL3127399,CCN1C(=O)CC[C@H]1CN(Cc1ccc(F)cc1)S(=O)(=O)c1cccc(C#N)c1,,5.552841968657781
CHEMBL3622359,CCNC(=O)N[C@H]1CC[C@](CNC2=NS(=O)(=O)c3cccc(OC)c32)(c2ccccc2)CC1,>,5.0
CHEMBL3622348,CCNC(=O)O[C@H]1CC[C@](CNC2=NS(=O)(=O)c3cccc(OC)c32)(c2ccccc2)CC1,,7.187086643357144
CHEMBL3298232,CCNC(=O)O[C@H]1CC[C@](CNc2n[nH]c3cccc(OC)c23)(c2ccccc2)CC1,,6.860120913598763
CHEMBL3298231,CCNC(=O)O[C@H]1CC[C@](CNc2nn(C)c3cccc(OC)c23)(c2ccccc2)CC1,,7.055517327849832
CHEMBL481187,CCOC(=O)C1=C(C)Nc2ccnn2C1c1cccc(Cl)c1Cl,,5.958607314841775
CHEMBL3622358,CCOC(=O)N[C@H]1CC[C@](CNC2=NS(=O)(=O)c3cccc(OC)c32)(c2ccccc2)CC1,,7.259637310505756
CHEMBL2332452,CCOCCn1ccnc1C1=C(C)Nc2cc(C(F)(F)F)nn2[C@@H]1c1ccc(Cl)c(Cl)c1,,7.008773924307505
CHEMBL3622354,CCOP(=O)(NC(=O)O[C@H]1CC[C@](CNC2=NS(=O)(=O)c3cccc(OC)c32)(c2ccccc2)CC1)OCC,>,5.0
CHEMBL570805,CCOc1ccc(CCN2C(=O)N(NS(C)(=O)=O)C[C@@H]2c2ccc(OC)cc2)cc1,,6.113509274827518
CHEMBL2332449,CCOc1cccc(-n2ncnc2C2=C(C)Nc3cc(C(F)(F)F)nn3[C@@H]2c2ccc(Cl)c(Cl)c2)n1,,6.651695136951839
CHEMBL3622362,CCS(=O)(=O)N[C@H]1CC[C@](CNC2=NS(=O)(=O)c3cccc(OC)c32)(c2ccccc2)CC1,,7.221848749616356
CHEMBL96144,CC[C@@H](NC(=O)c1ccccc1NS(=O)(=O)c1ccc(C)cc1)c1ccccc1,,5.568636235841013
CHEMBL327334,CC[C@H](NC(=O)c1cc(C(C)=O)ccc1NS(=O)(=O)c1ccc(C)cc1)c1ccccc1,,5.42021640338319
CHEMBL418972,CC[C@H](NC(=O)c1cc(F)ccc1NS(=O)(=O)c1ccc(Cl)cc1)c1ccccc1,,5.187086643357144
CHEMBL318879,CC[C@H](NC(=O)c1cc(OC)ccc1NS(=O)(=O)c1ccc(C)cc1)c1ccccc1,,6.301029995663981
CHEMBL97793,CC[C@H](NC(=O)c1ccccc1NS(=O)(=O)CC)c1ccccc1,,5.0
CHEMBL96965,CC[C@H](NC(=O)c1ccccc1NS(=O)(=O)CCC(C)C)c1ccccc1,,5.769551078621726
CHEMBL420266,CC[C@H](NC(=O)c1ccccc1NS(=O)(=O)c1ccc(C(F)(F)F)cc1)c1ccccc1,,5.207608310501746
CHEMBL94296,CC[C@H](NC(=O)c1ccccc1NS(=O)(=O)c1ccc(C)cc1)c1ccccc1,,5.648784731777237
CHEMBL327816,CC[C@H](NC(=O)c1ccccc1NS(=O)(=O)c1ccc(OC)cc1)c1ccccc1,,6.221848749616356
CHEMBL94826,CC[C@H](NC(=O)c1ccccc1NS(=O)(=O)c1cccc2ccccc12)c1ccccc1,,5.455931955649724
CHEMBL273418,CC[C@H](NC(=O)c1ccccc1NS(=O)(=O)c1cccc2cccnc12)c1ccccc1,,6.221848749616356
CHEMBL433220,CC[C@H](NC(=O)c1ccccc1NS(=O)(=O)c1cccc2cnccc12)c1ccccc1,,5.045757490560675
CHEMBL316891,CC[C@H](NC(=O)c1ccccc1NS(=O)(=O)c1ccccc1)c1ccccc1,,5.161150909262744
CHEMBL216624,CCc1c(C)[nH]c2c1/C(=N/N(C)C(=O)Nc1ccc(Cl)cc1)CCC2,,6.886056647693163
CHEMBL216943,CCc1c(C)[nH]c2c1/C(=N/NC(=O)Nc1ccc(Cl)cc1)CCC2,,6.356547323513812
CHEMBL216337,CCc1c(C)[nH]c2c1/C(=N/NC(=O)Nc1ccc(SC)cc1)CCC2,,6.552841968657781
CHEMBL216954,CCc1c(C)[nH]c2c1/C(=N/NC(=O)Nc1cccc(C3CCCN3)c1)CCC2,,6.1249387366083
CHEMBL217133,CCc1c(C)[nH]c2c1/C(=N/NC(=O)Nc1ccccc1)CCC2,,6.886056647693163
CHEMBL217668,CCc1c(C)[nH]c2c1/C(=N/NC(=S)Nc1cccc(C(F)(F)F)c1)CCC2,,6.698970004336019
CHEMBL217672,CCc1c(C)[nH]c2c1/C(=N/OC(=O)NCCc1ccccn1)CCC2,,6.262012673666569
CHEMBL217333,CCc1c(C)[nH]c2c1/C(=N/OC(=O)Nc1ccc(F)cc1)CCC2,,6.560667306169737
CHEMBL217348,CCc1c(C)[nH]c2c1/C(=N/OC(=O)Nc1ccc(SC)cc1)CCC2,,6.455931955649724
CHEMBL217347,CCc1c(C)[nH]c2c1/C(=N/OC(=O)Nc1ccccc1)CCC2,,7.173925197299173
CHEMBL385237,CCc1c2c(n(C)c1C)CCC/C2=N\OC(=O)Nc1ccc(C(C)=O)cc1,,6.434152181326482
CHEMBL216375,CCc1c2c(n(C)c1CC)CCC/C2=N\N(C)C(=O)Nc1ccc(C(C)=O)cc1,,6.431798275933005
CHEMBL216281,CCc1c2c(n(C)c1CC)CCC/C2=N\OC(=O)Nc1ccccc1,,7.6777807052660805
CHEMBL230776,CCc1ccc(S(=O)(=O)N(CC(C)(C)C)[C@@H]2c3cc(C(=O)NCCc4ccccc4)ccc3OC(C)(C)[C@H]2O)cc1,,6.920818753952375
CHEMBL396551,CCc1ccc(S(=O)(=O)N(CC(C)C)[C@@H]2c3cc(C(=O)NCCc4ccccc4)ccc3OC(C)(C)[C@H]2O)cc1,,6.494850021680094
CHEMBL230775,CCc1ccc(S(=O)(=O)N(Cc2c[nH]cn2)[C@@H]2c3cc(C(=O)NCCc4ccccc4)ccc3OC(C)(C)[C@H]2O)cc1,,6.552841968657781
CHEMBL230238,CCc1ccc(S(=O)(=O)N(Cc2ccccn2)[C@@H]2c3cc(C(=O)NCCc4ccccc4)ccc3OC(C)(C)[C@H]2O)cc1,,6.920818753952375
CHEMBL230564,CCc1ccc(S(=O)(=O)N(Cc2cccnc2)[C@@H]2c3cc(C(=O)NCCc4ccccc4)ccc3OC(C)(C)[C@H]2O)cc1,,6.886056647693163
CHEMBL239805,CCc1ccc(S(=O)(=O)NC2CCc3ccc(NC(=O)c4cccc(OC)c4)cc32)cc1,,6.823908740944319
CHEMBL241513,CCc1ccc(S(=O)(=O)NCc2cccc(NC(=O)c3cccc(OC)c3)c2)cc1,,6.619788758288394
CHEMBL391488,CCc1ccc(S(=O)(=O)N[C@@H]2c3c(cccc3NC(=O)c3cccc(OC)c3)C[C@H]2O)cc1,,6.055517327849832
CHEMBL228864,CCc1ccc(S(=O)(=O)N[C@@H]2c3cc(C(=N)NCCc4ccccc4)ccc3OC(C)(C)[C@H]2O)cc1,>,5.0
CHEMBL388538,CCc1ccc(S(=O)(=O)N[C@@H]2c3cc(C(=O)N(C)c4ccccc4)ccc3OC(C)(C)[C@H]2O)cc1,,6.55206782437635
CHEMBL228330,CCc1ccc(S(=O)(=O)N[C@@H]2c3cc(C(=O)N(CC)CCNc4ccccc4)ccc3OC(C)(C)[C@H]2O)cc1,,7.113509274827518
CHEMBL258934,CCc1ccc(S(=O)(=O)N[C@@H]2c3cc(C(=O)N(CC)Cc4c(F)cccc4Cl)cnc3OC(C)(C)[C@H]2O)cc1,,6.211124884224583
CHEMBL258719,CCc1ccc(S(=O)(=O)N[C@@H]2c3cc(C(=O)N(CC)Cc4ccc(C)cc4)cnc3OC(C)(C)[C@H]2O)cc1,,5.806875401645538
CHEMBL259666,CCc1ccc(S(=O)(=O)N[C@@H]2c3cc(C(=O)N(CC)Cc4ccc(OC)cc4)cnc3OC(C)(C)[C@H]2O)cc1,,6.218244625347531
CHEMBL228277,CCc1ccc(S(=O)(=O)N[C@@H]2c3cc(C(=O)N(CC)Cc4ccccc4F)ccc3OC(C)(C)[C@H]2O)cc1,,6.767011315857088
CHEMBL258718,CCc1ccc(S(=O)(=O)N[C@@H]2c3cc(C(=O)N(CC)Cc4ccccc4OC)cnc3OC(C)(C)[C@H]2O)cc1,,5.679853713888946
CHEMBL228813,CCc1ccc(S(=O)(=O)N[C@@H]2c3cc(C(=O)N(CC)[C@@H]4CCN(Cc5ccccc5)C4)ccc3OC(C)(C)[C@H]2O)cc1,,6.6777807052660805
CHEMBL389096,CCc1ccc(S(=O)(=O)N[C@@H]2c3cc(C(=O)N(CC)[C@H]4CCN(Cc5ccccc5)C4)ccc3OC(C)(C)[C@H]2O)cc1,,6.769551078621726
CHEMBL258802,CCc1ccc(S(=O)(=O)N[C@@H]2c3cc(C(=O)N(CC)c4cc(F)ccc4F)cnc3OC(C)(C)[C@H]2O)cc1,,6.0400051616715835
CHEMBL408935,CCc1ccc(S(=O)(=O)N[C@@H]2c3cc(C(=O)N(CC)c4cccc(C)c4)cnc3OC(C)(C)[C@H]2O)cc1,,6.110138278741812
CHEMBL407161,CCc1ccc(S(=O)(=O)N[C@@H]2c3cc(C(=O)N(CC)c4cccc(Cl)c4)cnc3OC(C)(C)[C@H]2O)cc1,,6.187755303199631
CHEMBL406415,CCc1ccc(S(=O)(=O)N[C@@H]2c3cc(C(=O)N(CC)c4ccccc4)cnc3OC(C)(C)[C@H]2O)cc1,,6.422508200162775
CHEMBL230251,CCc1ccc(S(=O)(=O)N[C@@H]2c3cc(C(=O)N4CCC[C@@H]4CNc4c(C)cccc4C)ccc3OC(C)(C)[C@H]2O)cc1,,6.886056647693163
CHEMBL387993,CCc1ccc(S(=O)(=O)N[C@@H]2c3cc(C(=O)N4CCC[C@H]4CNc4c(C)cccc4C)ccc3OC(C)(C)[C@H]2O)cc1,,7.0713337517843655
CHEMBL390105,CCc1ccc(S(=O)(=O)N[C@@H]2c3cc(C(=O)NCCc4c[nH]cn4)ccc3OC(C)(C)[C@H]2O)cc1,>,5.0
CHEMBL228329,CCc1ccc(S(=O)(=O)N[C@@H]2c3cc(C(=O)NCCc4ccccc4)ccc3OC(C)(C)[C@H]2O)cc1,,6.585026652029182
CHEMBL228331,CCc1ccc(S(=O)(=O)N[C@@H]2c3cc(C(=O)NCCc4ccccn4)ccc3OC(C)(C)[C@H]2O)cc1,>,6.0
CHEMBL259118,CCc1ccc(S(=O)(=O)N[C@@H]2c3cc(C(=O)Nc4ccc(Br)cc4)ccc3OC(C)(C)[C@H]2O)cc1,,6.5003129173815966
CHEMBL231299,CCc1ccc(S(=O)(=O)N[C@@H]2c3cc(C(=O)Nc4cccc(OC)c4)ccc3OC(C)(C)[C@H]2O)cc1,>,5.0
CHEMBL231300,CCc1ccc(S(=O)(=O)N[C@@H]2c3cc(C(=O)Nc4ccccc4)ccc3OC(C)(C)[C@H]2O)cc1,,6.585026652029182
CHEMBL388762,CCc1ccc(S(=O)(=O)N[C@@H]2c3cc(C(=O)n4nc(-c5ccccc5)cc4N)ccc3OC(C)(C)[C@H]2O)cc1,,7.102372908709558
CHEMBL387950,CCc1ccc(S(=O)(=O)N[C@@H]2c3cc(CNCCc4ccccc4)ccc3OC(C)(C)[C@H]2O)cc1,,6.619788758288394
CHEMBL467478,CCc1ccc(S(=O)(=O)N[C@@H]2c3cc(NC(=O)/C=C/c4ccccc4)ccc3CC[C@H]2O)cc1,,6.698970004336019
CHEMBL467479,CCc1ccc(S(=O)(=O)N[C@@H]2c3cc(NC(=O)C#Cc4ccccc4)ccc3CC[C@H]2O)cc1,,6.366531544420414
CHEMBL466224,CCc1ccc(S(=O)(=O)N[C@@H]2c3cc(NC(=O)CCc4ccccc4)ccc3CC[C@H]2O)cc1,,6.6020599913279625
CHEMBL466858,CCc1ccc(S(=O)(=O)N[C@@H]2c3cc(NC(=O)NCc4ccccc4)ccc3CC[C@H]2O)cc1,,6.214670164989233
CHEMBL466646,CCc1ccc(S(=O)(=O)N[C@@H]2c3cc(NC(=O)OCc4ccccc4)ccc3CC[C@H]2O)cc1,,6.638272163982407
CHEMBL524191,CCc1ccc(S(=O)(=O)N[C@@H]2c3cc(NC(=O)[C@H]4CCCN4Cc4cccc(Cl)c4)ccc3CC[C@H]2O)cc1,,6.657577319177793
CHEMBL475630,CCc1ccc(S(=O)(=O)N[C@@H]2c3cc(NC(=O)[C@H]4CCCN4Cc4cccc(OC(F)(F)F)c4)ccc3CC[C@H]2O)cc1,,6.5376020021010435
CHEMBL494025,CCc1ccc(S(=O)(=O)N[C@@H]2c3cc(NC(=O)[C@H]4CCCN4Cc4cccc(OC)c4)ccc3CC[C@H]2O)cc1,,6.522878745280337
CHEMBL512242,CCc1ccc(S(=O)(=O)N[C@@H]2c3cc(NC(=O)[C@H]4C[C@@H]4c4ccccc4)ccc3CC[C@H]2O)cc1,,6.455931955649724
CHEMBL467672,CCc1ccc(S(=O)(=O)N[C@@H]2c3cc(NC(=O)c4cc(OC)cc(OC)c4)ccc3CC[C@H]2O)cc1,,6.1938200260161125
CHEMBL467671,CCc1ccc(S(=O)(=O)N[C@@H]2c3cc(NC(=O)c4ccc(Cl)cc4)ccc3CC[C@H]2O)cc1,,6.468521082957745
CHEMBL467041,CCc1ccc(S(=O)(=O)N[C@@H]2c3cc(NC(=O)c4ccc(OC)cc4)ccc3CC[C@H]2O)cc1,,6.346787486224656
CHEMBL512460,CCc1ccc(S(=O)(=O)N[C@@H]2c3cc(NC(=O)c4cccc(Cl)c4)ccc3CC[C@H]2O)cc1,,6.1487416512809245
CHEMBL239808,CCc1ccc(S(=O)(=O)N[C@@H]2c3cc(NC(=O)c4cccc(OC)c4)ccc3CCC[C@H]2O)cc1,,6.698970004336019
CHEMBL239807,CCc1ccc(S(=O)(=O)N[C@@H]2c3cc(NC(=O)c4cccc(OC)c4)ccc3CC[C@H]2O)cc1,,6.356547323513812
CHEMBL398397,CCc1ccc(S(=O)(=O)N[C@@H]2c3cc(NC(=O)c4cccc(OC)c4)ccc3C[C@@H]2O)cc1,,6.522878745280337
CHEMBL288131,CCc1ccc(S(=O)(=O)N[C@@H]2c3cc(NC(=O)c4cccc(OC)c4)ccc3C[C@H]2O)cc1,,7.142627025099391
CHEMBL231203,CCc1ccc(S(=O)(=O)N[C@@H]2c3cc(NC(=O)c4cccc(OC)c4)ccc3OC(C)(C)[C@H]2O)cc1,,6.5376020021010435
CHEMBL467040,CCc1ccc(S(=O)(=O)N[C@@H]2c3cc(NC(=O)c4ccccc4OC)ccc3CC[C@H]2O)cc1,,6.346787486224656
CHEMBL390128,CCc1ccc(S(=O)(=O)N[C@@H]2c3cc(S(=O)(=O)NCCc4ccccc4)ccc3OC(C)(C)[C@H]2O)cc1,,6.292429823902063
CHEMBL228809,CCc1ccc(S(=O)(=O)N[C@H]2CC(C)(C)Oc3ccc(C(=O)N4CCC[C@H]4CNc4c(C)cccc4C)cc32)cc1,,6.958607314841775
CHEMBL260684,CCc1ccc(S(=O)(=O)N[C@H]2CCCc3ccc(N(Cc4cccc(C)n4)C(=O)CCc4ccccc4)cc32)cc1,,7.337242168318426
CHEMBL513656,CCc1ccc(S(=O)(=O)N[C@H]2CCCc3ccc(NC(=O)CCc4ccccc4)cc32)cc1,,6.552841968657781
CHEMBL513486,CCc1ccc(S(=O)(=O)N[C@H]2CCCc3ccc(NC(=O)c4cccc(OC)c4)cc32)cc1,,6.229147988357855
CHEMBL389892,CCc1ccc(S(=O)(=O)N[C@H]2c3cc(C(=O)N(CC)[C@@H]4CCN(Cc5ccccc5)C4)ccc3OC(C)(C)[C@@H]2O)cc1,,6.657577319177793
CHEMBL438665,CCc1ccc(S(=O)(=O)N[C@H]2c3cc(C(=O)N(CC)[C@H]4CCN(Cc5ccccc5)C4)ccc3OC(C)(C)[C@@H]2O)cc1,,6.698970004336019
CHEMBL228808,CCc1ccc(S(=O)(=O)N[C@H]2c3cc(C(=O)N4CCC[C@@H]4CNc4c(C)cccc4C)ccc3OC(C)(C)[C@@H]2O)cc1,,7.050609993355087
CHEMBL389891,CCc1ccc(S(=O)(=O)N[C@H]2c3cc(C(=O)N4CCC[C@H]4CNc4c(C)cccc4C)ccc3OC(C)(C)[C@@H]2O)cc1,,6.585026652029182
CHEMBL228807,CCc1ccc(S(=O)(=O)N[C@H]2c3cc(C(=O)NCCc4ccccc4)ccc3OC(C)(C)[C@@H]2O)cc1,>,6.0
CHEMBL391455,CCc1ccc(S(=O)(=O)N[C@H]2c3cc(NC(=O)c4cccc(OC)c4)ccc3C[C@@H]2O)cc1,,6.119186407719209
CHEMBL3298145,CCc1cccc2onc(NCC(C)(C)c3ccccc3)c12,,6.6595558851598815
CHEMBL3924627,CCn1c(=O)ccc2cc(OCCCN(CCc3cccnc3)Cc3ccncc3)ccc21,,6.494850021680094
CHEMBL567244,CCn1c(C2=C(C)Nc3ccnn3C2c2ccc(Cl)c(Cl)c2)nc2cc(Cl)ccc21,,7.2441251443275085
CHEMBL2332450,CCn1ccnc1C1=C(C)Nc2cc(C(F)(F)F)nn2[C@@H]1c1ccc(Cl)c(Cl)c1,,6.892790030352131
CHEMBL2331984,CCn1ncnc1C1=C(C)Nc2ccnn2[C@@H]1c1ccc(Cl)c(Cl)c1,,6.718966632752273
CHEMBL4094185,CN(C)C(=O)c1cccc(-c2ccc(F)cc2CC(c2cccnc2)c2cccnc2)c1,,6.935542010773082
CHEMBL4100226,CN(C)C(=O)c1cccc(-c2ccccc2CC(c2cccnc2)c2cccnc2)c1,,7.1938200260161125
CHEMBL4080956,CN(C)C(=O)c1cccc(-c2ncccc2CC(c2ccnc(N)n2)c2cccnc2F)c1,,6.79317412396815
CHEMBL1090817,CN(C)C(c1ccccc1)C(O)(c1cccnc1)c1cccnc1,,6.070581074285707
CHEMBL147962,CN(C)CC(C)(C)CNC(=O)c1ccccc1-c1ccccc1CNC(=O)OCc1ccccc1,,5.657577319177793
CHEMBL4078271,CN(C)c1ccc(-c2cccc3nc(-c4cncnc4)nc(NCc4ccccn4)c23)cc1,,6.481486060122113
CHEMBL3729169,CN(CCN(CCCOc1ccc2c(c1)N(C)C(=O)C(C)(C)C(=O)N2C)Cc1ccncc1)C(=O)c1ccccc1,,6.161150909262744
CHEMBL3947498,CN(CCN(CCCOc1ccc2c(ccc(=O)n2C)c1)Cc1ccncc1)C(=O)c1ccccc1,,5.769551078621726
CHEMBL4080304,CN(c1cccnc1)c1ncccc1CC(c1cccnc1)c1cccnc1,,7.045757490560675
CHEMBL3729344,CN1C(=O)C(C)(C)C(=O)N(C)c2cc(OCCCN(CCc3cccnc3)Cc3ccnc4ccccc34)ccc21,,6.6777807052660805
CHEMBL3728509,CN1C(=O)C(C)(C)C(=O)N(C)c2cc(OCCCN(CCc3cccnc3)Cc3ccncc3)ccc21,,6.267606240177032
CHEMBL3127404,CN1C(=O)CC[C@H]1CN(Cc1ccc(Cl)cc1)S(=O)(=O)c1cccc(C#N)c1,,6.6777807052660805
CHEMBL3127398,CN1C(=O)CC[C@H]1CN(Cc1ccc(F)cc1)S(=O)(=O)c1cccc(C#N)c1,,6.0915149811213505
CHEMBL1290281,CN1CCC(C(=O)NCC(C)(C)CN(C2=NS(=O)(=O)c3cc(F)ccc32)c2ccccc2)CC1,>,4.301029995663981
CHEMBL1290282,CN1CCCC(C(=O)NCC(C)(C)CN(C2=NS(=O)(=O)c3cc(F)ccc32)c2ccccc2)C1,,4.863279432843593
CHEMBL1290172,CN1CCCCC1C(=O)NCC(C)(C)CN(C1=NS(=O)(=O)c2cc(F)ccc21)c1ccccc1,,5.540607512240769
CHEMBL217473,CNC(=O)CC(c1ccccc1)C(C(=O)N(C(C)C)C(C)C)c1cccnc1,,5.573651426212492
CHEMBL1290738,CNC(=O)NCC(C)(C)CN(C1=NS(=O)(=O)c2cc(F)ccc21)c1ccccc1,,5.653647025549361
CHEMBL2440410,COC(=O)C(Cc1c[nH]c2ccccc12)NS(=O)(=O)c1ccc(Br)cc1,,5.647817481888637
CHEMBL2440409,COC(=O)C(Cc1c[nH]c2ccccc12)NS(=O)(=O)c1ccc(C)cc1,,5.3260580013659125
CHEMBL2440389,COC(=O)C(Cc1c[nH]c2ccccc12)NS(=O)(=O)c1ccc(F)cc1,,5.1904402853647325
CHEMBL2440405,COC(=O)C(Cc1c[nH]c2ccccc12)NS(=O)(=O)c1ccc(OC(C)C)cc1,,5.405607449624573
CHEMBL2440408,COC(=O)C(Cc1c[nH]c2ccccc12)NS(=O)(=O)c1ccc(OC)cc1,,5.2636034977233574
CHEMBL2440407,COC(=O)C(Cc1c[nH]c2ccccc12)NS(=O)(=O)c1ccc(OC2CCCC2)cc1,,5.623423042943488
CHEMBL2440406,COC(=O)C(Cc1c[nH]c2ccccc12)NS(=O)(=O)c1ccc(OCC(C)C)cc1,,5.448550002027125
CHEMBL193,COC(=O)C1=C(C)NC(C)=C(C(=O)OC)C1c1ccccc1[N+](=O)[O-],,5.214670164989233
CHEMBL411970,COC(=O)CC(c1ccc(C#N)cc1)C(C(=O)N(C(C)C)C(C)C)c1cccnc1,,6.667561540084395
CHEMBL386441,COC(=O)CC(c1cccc(-c2c(C)noc2C)c1)C(C(=O)N(C(C)C)C(C)C)c1cccnc1,,6.94692155651658
CHEMBL217011,COC(=O)CC(c1cccc(Br)c1)C(C(=O)N(C(C)C)C(C)C)c1cccnc1,,6.863279432843593
CHEMBL385737,COC(=O)CC(c1cccc(C#N)c1)C(C(=O)N(C(C)C)C(C)C)c1cccnc1,,6.735182176990463
CHEMBL216086,COC(=O)CC(c1ccccc1)C(C(=O)N(C(C)C)C(C)C)c1ccccc1,,6.598599459218455
CHEMBL216309,COC(=O)CC(c1ccccc1)C(C(=O)N(C(C)C)C(C)C)c1ccccn1,,5.163169713511121
CHEMBL384309,COC(=O)CC(c1ccccc1)C(C(=O)N(C(C)C)C(C)C)c1ccncc1,,4.8613815661005075
CHEMBL436956,COC(=O)CC(c1ccccc1C#N)C(C(=O)N(C(C)C)C(C)C)c1cccnc1,,5.751291264399082
CHEMBL385460,COC(=O)CC(c1ccccn1)C(C(=O)N(C(C)C)C(C)C)c1ccccc1,,5.19736308191719
CHEMBL217921,COC(=O)CC(c1cccnc1)C(C(=O)N(C(C)C)C(C)C)c1cccc(Br)c1,,6.8326826652518236
CHEMBL386226,COC(=O)CC(c1cccnc1)C(C(=O)N(C(C)C)C(C)C)c1cccc(C#N)c1,,6.486782399932061
CHEMBL384974,COC(=O)CC(c1cccnc1)C(C(=O)N(C(C)C)C(C)C)c1ccccc1,,6.575118363368933
CHEMBL386899,COC(=O)CC(c1cccnc1)C(C(=O)N(C(C)C)C(C)C)c1ccccn1,,5.416121401501374
CHEMBL216310,COC(=O)CC(c1cccnc1)C(C(=O)N(C(C)C)C(C)C)c1cccnc1,,6.149966742310231
CHEMBL216255,COC(=O)CC(c1ccncc1)C(C(=O)N(C(C)C)C(C)C)c1ccccc1,,5.273843533827245
CHEMBL383874,COC(=O)C[C@@H](c1ccccc1)[C@H](C(=O)N(C(C)C)C(C)C)c1cccnc1,,6.576754126063192
CHEMBL385676,COC(=O)C[C@H](c1ccccc1)[C@H](C(=O)N(C(C)C)C(C)C)c1cccnc1,,5.4320330931768455
CHEMBL146772,COC(=O)NCc1ccccc1-c1ccccc1C(=O)NCCC(C)C,,5.1487416512809245
CHEMBL603705,COC(=O)[C@@H]1CCCN1C(=O)C1=C(C)Nc2ccnn2C1c1ccc(Cl)c(Cl)c1,,6.823908740944319
CHEMBL567234,COC(=O)c1ccc2c(c1)nc(C1=C(C)Nc3ccnn3C1c1ccc(Cl)c(Cl)c1)n2C,,6.698970004336019
CHEMBL445586,COC1=CCC(CCN2C(=O)CSC2c2ccc(C)c(C)c2)C=C1,,6.863279432843593
CHEMBL2042163,COCC1=C(C(=O)N2CCC[C@H]2c2cc(C)no2)[C@@H](c2cc3ccccc3n2C)n2nc(C(F)(F)F)cc2N1,,6.823908740944319
CHEMBL2042152,COCC1=C(C(=O)N2CCC[C@H]2c2cc(C)no2)[C@@H](c2ccc(Cl)c(Cl)c2)n2nccc2N1,,7.154901959985743
CHEMBL567671,COCC1=C(c2nc3cc(F)ccc3n2C)C(c2ccc(Cl)c(Cl)c2)n2nccc2N1,,7.522878745280337
CHEMBL1092574,COCCN(C)C(c1ccccc1)C(O)(c1cccnc1)c1cccnc1,,6.2343314452409855
CHEMBL215050,COCCN(C)CCn1c(C#N)c(-c2cccc(F)c2)c2cc(OC)ccc2c1=O,,6.102372908709558
CHEMBL4474540,COCCN(C[C@H](C)O)[C@H](c1ccccn1)[C@@H](c1ccccn1)N1C2CCC1CC(OC)C2,,5.251811972993799
CHEMBL2313227,COCCN(c1cccnc1)P(=O)(c1ccccc1)c1ccccc1,,6.2076083105017466
CHEMBL3786440,COCCOCCNC(=O)C1c2cc(F)ccc2C(=O)N1CC(C)c1ccc(Cl)cc1,>,4.494850021680094
CHEMBL571953,COCCOc1ccc(C2CN(NS(C)(=O)=O)C(=O)N2CCc2ccc(OC)cc2)cc1,,5.127843727251707
CHEMBL520586,COC[C@@H]1CCCN1C(=O)C1=C(C)Nc2ccnn2C1c1ccc(Cl)c(Cl)c1,,6.698970004336019
CHEMBL449340,COC[C@H]1CCCN1C(=O)C1=C(C)Nc2ccnn2C1c1ccc(Cl)c(Cl)c1,>,6.0
CHEMBL243664,COc1ccc(-c2cc(=O)c3c(O)cc(O)cc3o2)cc1,,5.481685552318919
CHEMBL2442379,COc1ccc(-c2cc(=O)c3cc(C)ccc3o2)cc1,,4.863279432843593
CHEMBL301692,COc1ccc(-c2cc(=O)c3cc(Cl)ccc3o2)cc1,,4.628932137728263
CHEMBL16312,COc1ccc(-c2cc(=O)c3ccccc3o2)cc1,,5.045757490560675
CHEMBL2312922,COc1ccc(-c2ncccc2NP(=O)(c2ccccc2)c2ccccc2)cc1,,4.769551078621726
CHEMBL3262809,COc1ccc(C(=O)N2CCN(CCOc3ccc(Cl)cc3)CC2)cc1,,5.259637310505756
CHEMBL3262808,COc1ccc(C(=O)N2CCN(CCOc3ccccc3)CC2)cc1,,4.793984123236656
CHEMBL3968881,COc1ccc(C(=O)Oc2cc(O)cc3oc(-c4ccc(OC)cc4)cc(=O)c23)cc1,,5.690369832574101
CHEMBL216496,COc1ccc(CC(=O)N2CCSC2c2ccc(C)c(C)c2)cc1,,6.270025714300444
CHEMBL148342,COc1ccc(CC(=O)NCc2ccccc2-c2ccccc2C(=O)NCc2ccc(F)cc2F)cc1,,5.920818753952375
CHEMBL262209,COc1ccc(CCC(=O)N2CCSC2c2ccc(C)c(C)c2)cc1,,6.823908740944319
CHEMBL583430,COc1ccc(CCCN2C(=O)N(NS(C)(=O)=O)C[C@@H]2c2ccc(OC)cc2)cc1,,7.0
CHEMBL570360,COc1ccc(CCCN2C(=O)N(NS(C)(=O)=O)C[C@H]2c2ccc(OC)cc2)cc1,,6.251811972993799
CHEMBL384197,COc1ccc(CCN2C(=O)CSC2(C)c2ccc(C)c(C)c2)cc1,,7.161150909262744
CHEMBL267425,COc1ccc(CCN2C(=O)CSC2(C)c2ccc(C)cc2)cc1,,6.4089353929735005
CHEMBL385810,COc1ccc(CCN2C(=O)CSC23CCc2c(C)cccc23)cc1,,6.3124710387853655
CHEMBL383947,COc1ccc(CCN2C(=O)CSC23CCc2cc(Cl)ccc23)cc1,,6.090443970758825
CHEMBL289939,COc1ccc(CCN2C(=O)CSC2c2ccc(C)c(C)c2)cc1,,6.536002309246762
CHEMBL570815,COc1ccc(CCN2C(=O)N(NS(=O)(=O)CC#N)C[C@@H]2c2ccc(OC)cc2)cc1,,6.638272163982407
CHEMBL571039,COc1ccc(CCN2C(=O)N(NS(=O)(=O)CF)C[C@@H]2c2ccc(OC)cc2)cc1,,6.045757490560675
CHEMBL569628,COc1ccc(CCN2C(=O)N(NS(=O)(=O)Cc3ccccc3)C[C@@H]2c2ccc(OC)cc2)cc1,,6.468521082957745
CHEMBL568957,COc1ccc(CCN2C(=O)N(NS(=O)(=O)Cc3cccnc3)C[C@@H]2c2ccc(OC)cc2)cc1,,6.221848749616356
CHEMBL571041,COc1ccc(CCN2C(=O)N(NS(C)(=O)=O)CC2c2ccc(C(F)(F)F)cc2)cc1,,6.6020599913279625
CHEMBL585163,COc1ccc(CCN2C(=O)N(NS(C)(=O)=O)CC2c2ccc(C)c(C)c2)cc1,,6.214670164989233
CHEMBL572153,COc1ccc(CCN2C(=O)N(NS(C)(=O)=O)CC2c2ccc(C)cc2)cc1,,6.619788758288394
CHEMBL583254,COc1ccc(CCN2C(=O)N(NS(C)(=O)=O)CC2c2ccc(C3CC3)cc2)cc1,,6.795880017344075
CHEMBL583465,COc1ccc(CCN2C(=O)N(NS(C)(=O)=O)CC2c2ccc(Cl)cc2)cc1,,6.698970004336019
CHEMBL571952,COc1ccc(CCN2C(=O)N(NS(C)(=O)=O)CC2c2ccc(OC(C)C)cc2)cc1,,6.619788758288394
CHEMBL569184,COc1ccc(CCN2C(=O)N(NS(C)(=O)=O)C[C@@H]2c2ccc(OC)cc2)cc1,,6.481486060122113
CHEMBL569185,COc1ccc(CCN2C(=O)N(NS(C)(=O)=O)C[C@H]2c2ccc(OC)cc2)cc1,,6.318758762624412
CHEMBL3914098,COc1ccc(CCOC2CCCCC2N2CCC(O)C2)cc1OC,,5.301029995663981
CHEMBL2107383,COc1ccc(CCO[C@@H]2CCCC[C@H]2N2CC[C@@H](O)C2)cc1OC,,5.494850021680094
CHEMBL3931230,COc1ccc(CCO[C@@H]2CCCC[C@H]2N2CC[C@H](O)C2)cc1OC,,5.221848749616356
CHEMBL3916855,COc1ccc(CCO[C@H]2CCCC[C@@H]2N2CC[C@@H](O)C2)cc1OC,,5.221848749616356
CHEMBL3928500,COc1ccc(CCO[C@H]2CCCC[C@@H]2N2CC[C@H](O)C2)cc1OC,,5.221848749616356
CHEMBL212453,COc1ccc(CCn2ncc(C(=O)c3ccc(C)c(C)c3)n2)cc1,,6.531652669587842
CHEMBL217510,COc1ccc(CCn2nnn[n+]2-c2ccc(Cl)c(Cl)c2)cc1,,6.259637310505756
CHEMBL387088,COc1ccc(CCn2nnn[n+]2-c2cccc(C)c2C)cc1,,6.481486060122113
CHEMBL424735,COc1ccc(CCn2nnn[n+]2C2(c3ccc(C)c(C)c3)CC2)cc1,,6.7447274948966935
CHEMBL387064,COc1ccc(CCn2nnn[n+]2C2(c3ccc(C)cc3)CC2)cc1,,6.481486060122113
CHEMBL217313,COc1ccc(CCn2nnn[n+]2C2(c3ccc(C)cc3)CCCC2)cc1,,6.3979400086720375
CHEMBL384095,COc1ccc(CNC(=O)NCC(c2ccccc2)C(C(=O)N(C(C)C)C(C)C)c2cccnc2)cc1,,6.59176003468815
CHEMBL386802,COc1ccc(CON2C(=O)CSC2c2ccc(C)c(C)c2)cc1,,7.022276394711152
CHEMBL387066,COc1ccc(CON2C(=O)CSC2c2ccc(Cl)c(Cl)c2)cc1,,6.94692155651658
CHEMBL218185,COc1ccc(CON2C(=O)CSC2c2ccc(Cl)cc2)cc1,,6.728158393463501
CHEMBL386837,COc1ccc(CON2C(=O)CSC2c2ccccc2)cc1,,6.0343280287798935
CHEMBL3262819,COc1ccc(NC(=O)CN2CCN(CCOc3ccc(C#N)cc3)CC2)cc1,,4.839831707041488
CHEMBL3262820,COc1ccc(NC(=O)CN2CCN(CCOc3ccc(Cl)cc3)CC2)cc1,,5.581698708680254
CHEMBL3262818,COc1ccc(NC(=O)CN2CCN(CCOc3ccccc3)CC2)cc1,,4.994390554639719
CHEMBL2440402,COc1ccc(NC(=O)Cn2cc(/C=N/NS(=O)(=O)c3ccc(C)cc3)c3ccccc32)cc1,,4.771856392402258
CHEMBL2440393,COc1ccc(NC(=O)Cn2cc(CCNS(=O)(=O)c3ccc(C)cc3)c3ccccc32)cc1,,4.411952503013917
CHEMBL2440395,COc1ccc(NC(=O)Cn2cc(CCNS(=O)(=O)c3ccc(OC)cc3)c3ccccc32)cc1,,5.764471553092451
CHEMBL3262800,COc1ccc(OCCN2CCN(C(=O)c3cccs3)CC2)cc1,,4.659159450187668
CHEMBL3262832,COc1ccc(OCCN2CCN(CC(=O)Nc3nccs3)CC2)cc1,,5.039529222465701
CHEMBL3127395,COc1ccc(S(=O)(=O)N(Cc2ccccc2)[C@H]2CCCC[C@@H]2O)cc1,,5.698970004336019
CHEMBL2440396,COc1ccc(S(=O)(=O)NCCc2cn(CC(=O)Nc3ccc(Cl)cc3)c3ccccc23)cc1,,5.503070351926785
CHEMBL230459,COc1ccc(S(=O)(=O)N[C@@H]2c3cc(C(=O)NCCc4ccccc4)ccc3OC(C)(C)[C@H]2O)cc1,>,6.0
CHEMBL468943,COc1ccc(S(=O)(=O)N[C@@H]2c3cc(NC(=O)c4cccc(OC)c4)ccc3CC[C@H]2O)cc1,,5.522878745280337
CHEMBL3127394,COc1ccc(S(=O)(=O)N[C@H]2CCCC[C@@H]2OCc2ccccc2)cc1,,4.552841968657781
CHEMBL3311308,COc1ccc(S(=O)(=O)Nc2c(C)cc(C)cc2C)cc1,>,4.300000029139088
CHEMBL583047,COc1ccc([C@H]2CN(NS(C)(=O)=O)C(=O)N2CCc2ccc(OC(F)(F)F)cc2)cc1,,6.2839966563652006
CHEMBL215818,COc1ccc2c(-n3cnc(C)c3)nc(C#N)c(-c3cccc(F)c3)c2c1,,6.585026652029182
CHEMBL214742,COc1ccc2c(=O)n(C)c(CN(C)C)c(-c3ccccc3)c2c1,,6.721246399047171
CHEMBL214553,COc1ccc2c(=O)n(CC(CO)NCc3cccnc3)c(C#N)c(-c3ccccc3)c2c1,,6.920818753952375
CHEMBL216168,COc1ccc2c(=O)n(CC(O)CO)c(C#N)c(-c3cccc(C(F)(F)F)c3)c2c1,,6.6020599913279625
CHEMBL215023,COc1ccc2c(=O)n(CC(O)CO)c(C#N)c(-c3cccc(F)c3)c2c1,,6.060480747381382
CHEMBL214969,COc1ccc2c(=O)n(CCO)c(C#N)c(-c3cccc(F)c3)c2c1,,6.161150909262744
CHEMBL217571,COc1ccc2c(=O)n(C[C@@H](O)CO)c(C#N)c(-c3ccccc3)c2c1,,5.978810700930062
CHEMBL216894,COc1ccc2c(=O)n(C[C@H](O)CO)c(C#N)c(-c3ccccc3)c2c1,,5.995678626217358
CHEMBL214578,COc1ccc2c(C(=O)NCCO)nc(C#N)c(-c3ccccc3)c2c1,,7.221848749616356
CHEMBL214876,COc1ccc2c(NC[C@H](O)CO)nc(C#N)c(-c3ccccc3)c2c1,,6.167491087293763
CHEMBL383997,COc1ccc2c(OC[C@H](O)CO)nc(C#N)c(-c3ccccc3)c2c1,,6.795880017344075
CHEMBL3785555,COc1ccc2c(c1)C(=O)N(Cc1ccccc1-c1ccccc1)C2C(=O)NC(C)(C)C,,4.94692155651658
CHEMBL2440387,COc1ccc2c(c1)c(/C=N/NS(=O)(=O)c1ccc(C)cc1)cn2CC(=O)Nc1ccc(Cl)cc1,,6.292429823902063
CHEMBL2440388,COc1ccc2c(c1)c(/C=N/NS(=O)(=O)c1ccc(C)cc1)cn2CC(=O)Nc1ccc(F)cc1F,,5.661543506395395
CHEMBL2440386,COc1ccc2c(c1)c(/C=N/NS(=O)(=O)c1ccc(C)cc1)cn2CC(=O)Nc1ccccc1,,5.428291168191312
CHEMBL3785621,COc1ccc2c(c1C)C(=O)N(Cc1ccccc1-c1ccccc1)C2C(=O)NC(C)(C)C,,5.877243666092925
CHEMBL2165063,COc1ccc2ncc(=O)n(CCN3CCC(NCc4ccc5c(n4)NC(=O)CO5)CC3)c2c1,>,4.0
CHEMBL4095750,COc1cccc(-c2ncccc2CC(c2cccnc2)c2cccnc2)c1,,7.3872161432802645
CHEMBL2332448,COc1cccc(-n2ncnc2C2=C(C)Nc3cc(C(F)(F)F)nn3[C@@H]2c2ccc(Cl)c(Cl)c2)n1,,7.060480747381382
CHEMBL466019,COc1cccc(C(=O)Nc2ccc3c(c2)[C@@H](NS(=O)(=O)c2ccc(C(C)(C)C)cc2)[C@H](O)CC3)c1,,6.795880017344075
CHEMBL512964,COc1cccc(C(=O)Nc2ccc3c(c2)[C@@H](NS(=O)(=O)c2ccc(C(C)C)cc2)[C@H](O)CC3)c1,,6.366531544420414
CHEMBL385933,COc1cccc(CON2C(=O)CSC2c2ccc(C)c(C)c2)c1,,6.570247719997592
CHEMBL387102,COc1cccc(CON2C(=O)CSC2c2ccc(Cl)c(Cl)c2)c1,,6.747146969020107
CHEMBL217014,COc1cccc(CON2C(=O)CSC2c2ccc(Cl)cc2)c1,,6.42021640338319
CHEMBL3127413,COc1cccc(S(=O)(=O)N(Cc2ccc(F)cc2)C[C@@H]2CCC(=O)N2)c1,,5.698970004336019
CHEMBL3356074,COc1cccc2c1C(NCC(C)(C)c1ccccc1)=NC2=O,,7.272120898447931
CHEMBL3622347,COc1cccc2c1C(NC[C@]1(c3ccccc3)CC[C@@H](O)CC1)=NS2(=O)=O,>,6.522878745280337
CHEMBL3622357,COc1cccc2c1C(NC[C@]1(c3ccccc3)CC[C@H](N)CC1)=NS2(=O)=O,>,5.0
CHEMBL3622360,COc1cccc2c1C(NC[C@]1(c3ccccc3)CC[C@H](NC(=O)OC(C)C)CC1)=NS2(=O)=O,,7.2839966563652006
CHEMBL3622361,COc1cccc2c1C(NC[C@]1(c3ccccc3)CC[C@H](NC(=O)OCC(F)(F)F)CC1)=NS2(=O)=O,,7.552841968657781
CHEMBL3623051,COc1cccc2c1C(NC[C@]1(c3ccccc3)CC[C@H](NS(N)(=O)=O)CC1)=NS2(=O)=O,>,5.0
CHEMBL3623053,COc1cccc2c1C(NC[C@]1(c3ccccc3)CC[C@H](Nc3ncccn3)CC1)=NS2(=O)=O,,7.327902142064283
CHEMBL3622346,COc1cccc2c1C(NC[C@]1(c3ccccc3)CC[C@H](O)CC1)=NS2(=O)=O,,7.468521082957745
CHEMBL3622356,COc1cccc2c1C(NC[C@]1(c3ccccc3)CC[C@H](OC(=O)N(C)CCN(C)C)CC1)=NS2(=O)=O,>,5.0
CHEMBL3622349,COc1cccc2c1C(NC[C@]1(c3ccccc3)CC[C@H](OC(=O)NC3CC3)CC1)=NS2(=O)=O,,6.769551078621726
CHEMBL3622350,COc1cccc2c1C(NC[C@]1(c3ccccc3)CC[C@H](OC(=O)NCCC(F)(F)F)CC1)=NS2(=O)=O,,7.050609993355087
CHEMBL3622353,COc1cccc2c1C(NC[C@]1(c3ccccc3)CC[C@H](OC(=O)NCCO)CC1)=NS2(=O)=O,>,5.0
CHEMBL3622352,COc1cccc2c1C(NC[C@]1(c3ccccc3)CC[C@H](OC(=O)NS(=O)(=O)c3ccccc3)CC1)=NS2(=O)=O,>,5.0
CHEMBL3622355,COc1cccc2c1C(NC[C@]1(c3ccccc3)CC[C@H](OC(=O)Nc3ccc(N(C)C)cc3)CC1)=NS2(=O)=O,,7.522878745280337
CHEMBL3622351,COc1cccc2c1C(NC[C@]1(c3ccccc3)CC[C@H](OC(=O)Nc3nnc(C4CC4)s3)CC1)=NS2(=O)=O,,7.036212172654444
CHEMBL3623054,COc1cccc2c1C(NC[C@]1(c3ccccc3)CC[C@H](n3cnnn3)CC1)=NS2(=O)=O,,7.494850021680094
CHEMBL3356070,COc1cccc2c1c(NCC(C)(C)c1ccccc1)nn2C,,6.703334809738469
CHEMBL3298226,COc1cccc2ccnc(NCC(C)(C)c3ccccc3)c12,,7.657577319177793
CHEMBL3298227,COc1cccc2nc(Cl)nc(NCC(C)(C)c3ccccc3)c12,,7.136677139879544
CHEMBL3298228,COc1cccc2nc(O)nc(NCC(C)(C)c3ccccc3)c12,,7.638272163982407
CHEMBL3298225,COc1cccc2ncnc(NCC(C)(C)c3ccccc3)c12,,6.928117992693875
CHEMBL3298229,COc1cccc2oc(=O)nc(NCC(C)(C)c3ccccc3)c12,,6.705533773838407
CHEMBL3298147,COc1cccc2onc(N(C)CC(C)(C)c3ccccc3)c12,,6.728158393463501
CHEMBL3298140,COc1cccc2onc(NCC(C)(C)c3ccccc3)c12,,7.366531544420414
CHEMBL3356073,COc1cccc2snc(NCC(C)(C)c3ccccc3)c12,,7.610924374808178
CHEMBL2332456,COc1ccccc1-n1ncnc1C1=C(C)Nc2ccnn2[C@@H]1c1ccc(Cl)c(Cl)c1,,6.935542010773082
CHEMBL424912,COc1ccccc1CON1C(=O)CSC1c1ccc(C)c(C)c1,,6.752026733638194
CHEMBL217828,COc1ccccc1CON1C(=O)CSC1c1ccc(Cl)c(Cl)c1,,6.690369832574102
CHEMBL3355575,COc1cnc2ccc(=O)n(C[C@H](N)[C@H]3CC[C@H](NCc4ccc5c(n4)NC(=O)CO5)CC3)c2c1,>,3.4775557664936803
CHEMBL4449766,COc1cncc(-c2nc(NCc3ccccn3)c3c(-c4ccccc4)cccc3n2)c1,,6.920818753952375
CHEMBL1289300,COc1cnccc1C(=O)NCC(C)(C)CN(C1=NS(=O)(=O)c2cc(F)ccc21)c1ccccc1,,6.431798275933005
CHEMBL4061436,COc1ncc(-c2nc(NCc3ccccn3)c3c(-c4ccccc4)cccc3n2)cn1,,7.0
CHEMBL4105373,CS(=O)(=O)Nc1cccc(-c2cc(F)ccc2CC(c2cccnc2)c2cccnc2)c1,,6.2373214362725635
CHEMBL4060189,CS(=O)(=O)Nc1cccc(-c2cc(F)ccc2CC(c2cccnc2)c2cccnc2)n1,,5.79805693659835
CHEMBL4065169,CS(=O)(=O)Nc1cccc([C@H](c2ccc(F)cc2)C(c2cccnc2)c2cccnc2)n1,,8.002182402701225
CHEMBL3127415,CS(=O)(=O)c1cccc(S(=O)(=O)N(Cc2ccc(F)cc2)C[C@@H]2CCC(=O)N2)c1,,5.060480747381382
CHEMBL4297317,C[C@@H](C(N)=O)[C@H](N)c1nc2ccc(C(C)(C)C)cc2[nH]1,>,4.522878745280337
CHEMBL144107,C[C@@H](CC(=O)NCc1ccccc1-c1ccccc1C(=O)NCCc1ccccn1)c1ccccc1,,6.0
CHEMBL146771,C[C@@H](OC(=O)NCc1ccccc1-c1ccccc1C(=O)NCCc1ccccn1)c1ccccc1,,5.619788758288394
CHEMBL4105630,C[C@@]1(O)CC[C@H]2[C@H](CC[C@@H]3[C@@H]2CC[C@]2(C)[C@@H](C(=O)Cn4cc(C#N)cn4)CC[C@@H]32)C1,>,4.522878745280337
CHEMBL144174,C[C@H](CC(=O)NCc1ccccc1-c1ccccc1C(=O)NCCc1ccccn1)c1ccccc1,,6.522878745280337
CHEMBL5095095,C[C@H](CC[C@](C)(O)C(F)(F)F)[C@H]1CC[C@H]2[C@@H]3CC=C4C[C@@](C)(O)CC[C@]4(C)[C@H]3CC[C@]12C,>,4.522878745280337
CHEMBL317791,C[C@H](OC(=O)NCc1ccccc1-c1ccccc1C(=O)NCCc1ccccn1)c1ccccc1,,6.747425010840047
CHEMBL148356,C[C@H](OC(=O)NCc1ccccc1-c1cccnc1C(=O)NCC1CC1)c1ccccc1,,6.3979400086720375
CHEMBL5191783,C[C@H]1C[C@@H](N2C(=N)N[C@](C)(c3cccc(Nc4ccc(C5CC5)nc4)c3Cl)CC2=O)CCO1,,5.301029995663981
CHEMBL4208517,Cc1[nH]c(C(=O)NC/C=C/c2c[nH]c(N)n2)c(Br)c1Br,>,4.522878745280337
CHEMBL4213446,Cc1[nH]c(C(=O)NC/C=C/c2c[nH]c(N)n2)cc1Br,>,4.522878745280337
CHEMBL4202870,Cc1[nH]c(C(=O)NC/C=C/c2c[nH]c(N)n2)cc1Cl,>,4.522878745280337
CHEMBL217800,Cc1[nH]c2c(c1C)/C(=N/NC(=O)Nc1ccc(Cl)cc1)CCC2,,6.431798275933005
CHEMBL3787412,Cc1c(NS(C)(=O)=O)ccc2c1C(=O)N(Cc1ccccc1-c1ccccc1)C2C(=O)NC(C)(C)C,,4.9277128961951915
CHEMBL3785370,Cc1c(O)ccc2c1C(=O)N(Cc1ccccc1-c1ccc(F)c(F)c1)C2C(=O)NC(C)(C)C,,5.455931955649724
CHEMBL3786775,Cc1c(O)ccc2c1C(=O)N(Cc1ccccc1-c1ccc(F)cc1)C2C(=O)NC(C)(C)C,,5.568636235841013
CHEMBL3785865,Cc1c(O)ccc2c1C(=O)N(Cc1ccccc1-c1ccccc1)C2C(=O)NC(C)(C)C,,5.546092691688419
CHEMBL3785810,Cc1c(OC(F)F)ccc2c1C(=O)N(Cc1ccccc1-c1ccccc1)C2C(=O)NC(C)(C)C,,5.920818753952375
CHEMBL3786683,Cc1c(OCF)ccc2c1C(=O)N(Cc1ccccc1-c1ccccc1)C2C(=O)NC(C)(C)C,,5.8278038631574445
CHEMBL3786256,Cc1c(OS(C)(=O)=O)ccc2c1C(=O)N(Cc1ccccc1-c1ccccc1)C2C(=O)NC(C)(C)C,,4.978810700930062
CHEMBL4474619,Cc1cc(-c2ccc(C(=O)[C@@H]3CCCC[C@H]3C(=O)Nc3cnn(C)c3S(N)(=O)=O)cc2)n[nH]1,>,4.494850021680094
CHEMBL4542281,Cc1cc(-c2ccc(C(=O)[C@@H]3CCCC[C@H]3C(=O)Nc3cnn4c3C(=O)NCC4)cc2)n[nH]1,>,4.494850021680094
CHEMBL4072707,Cc1cc(F)ccc1-c1ccccc1C(C#N)C(c1cccnc1)c1cccnc1,,6.863279432843593
CHEMBL2386850,Cc1cc(Oc2cncnc2)cc(C(=O)Nc2ccc(F)cn2)n1,>,4.0
CHEMBL3262811,Cc1ccc(C(=O)N2CCN(CCOc3ccc(Cl)cc3)CC2)cc1,,5.345823458122039
CHEMBL3262810,Cc1ccc(C(=O)N2CCN(CCOc3ccccc3)CC2)cc1,,5.146301788223826
CHEMBL217482,Cc1ccc(C2([n+]3nnnn3CCCc3ccccc3)CC2)cc1,,6.318758762624412
CHEMBL385641,Cc1ccc(C2SCC(=O)N2OCc2ccccc2)cc1C,,6.684029654543083
CHEMBL217372,Cc1ccc(C2SCCN2C(=O)COc2ccccc2)cc1C,,6.790484985457369
CHEMBL217291,Cc1ccc(CNC(=O)NCC(c2ccccc2)C(C(=O)N(C(C)C)C(C)C)c2cccnc2)cc1,,6.619788758288394
CHEMBL3262822,Cc1ccc(NC(=O)CN2CCN(CCOc3ccc(C#N)cc3)CC2)cc1,,5.347753658996677
CHEMBL3262823,Cc1ccc(NC(=O)CN2CCN(CCOc3ccc(Cl)cc3)CC2)cc1,,5.29929628285498
CHEMBL3262821,Cc1ccc(NC(=O)CN2CCN(CCOc3ccccc3)CC2)cc1,,4.792904459580782
CHEMBL3262807,Cc1ccc(OCCN2CCN(C(=O)c3ccccc3)CC2)cc1,,4.597394758080085
CHEMBL3262798,Cc1ccc(OCCN2CCN(C(=O)c3cccs3)CC2)cc1,,5.818156412055227
CHEMBL3262828,Cc1ccc(OCCN2CCN(CC(=O)Nc3nccs3)CC2)c(C)c1,,4.7654827164873135
CHEMBL3262827,Cc1ccc(OCCN2CCN(CC(=O)Nc3nccs3)CC2)cc1,,5.049148541111453
CHEMBL3262829,Cc1ccc(OCCN2CCN(CC(=O)Nc3nccs3)CC2)cc1C,,4.298950369270861
CHEMBL2440400,Cc1ccc(S(=O)(=O)N/N=C/c2cn(CC(=O)Nc3cc(C)ccc3C)c3ccccc23)cc1,,5.752026733638194
CHEMBL2440401,Cc1ccc(S(=O)(=O)N/N=C/c2cn(CC(=O)Nc3ccc(C)c(C)c3)c3ccccc23)cc1,,4.949233688766958
CHEMBL2440399,Cc1ccc(S(=O)(=O)N/N=C/c2cn(CC(=O)Nc3ccc(C)cc3C)c3ccccc23)cc1,,4.619607839942972
CHEMBL2440382,Cc1ccc(S(=O)(=O)N/N=C/c2cn(CC(=O)Nc3ccc(Cl)cc3)c3ccccc23)cc1,,5.721246399047171
CHEMBL2440384,Cc1ccc(S(=O)(=O)N/N=C/c2cn(CC(=O)Nc3ccc(F)cc3F)c3ccccc23)cc1,,6.6020599913279625
CHEMBL2440403,Cc1ccc(S(=O)(=O)N/N=C/c2cn(CC(=O)Nc3ccc(OC(F)(F)F)cc3)c3ccccc23)cc1,,5.818156412055227
CHEMBL2440398,Cc1ccc(S(=O)(=O)N/N=C/c2cn(CC(=O)Nc3ccccc3)c3ccccc23)cc1,,6.0915149811213505
CHEMBL2440383,Cc1ccc(S(=O)(=O)N/N=C/c2cn(CC(=O)Nc3ccccc3Cl)c3ccccc23)cc1,,6.130768280269024
CHEMBL2440394,Cc1ccc(S(=O)(=O)NCCc2cn(CC(=O)Nc3ccc(Cl)cc3)c3ccccc23)cc1,,4.8887374863409345
CHEMBL228441,Cc1ccc(S(=O)(=O)N[C@@H]2c3cc(C(=O)NCCc4ccccc4)ccc3OC(C)(C)[C@H]2O)cc1,,6.3979400086720375
CHEMBL98077,Cc1ccc(S(=O)(=O)Nc2ccccc2C(=O)N(CCCn2ccnc2)Cc2ccccc2)cc1,,5.070581074285707
CHEMBL95335,Cc1ccc(S(=O)(=O)Nc2ccccc2C(=O)N(Cc2ccccc2)CC2CC2)cc1,,5.721246399047171
CHEMBL319310,Cc1ccc(S(=O)(=O)Nc2ccccc2C(=O)N(Cc2ccccc2)Cc2cc[nH]n2)cc1,,6.301029995663981
CHEMBL316302,Cc1ccc(S(=O)(=O)Nc2ccccc2C(=O)N(Cc2ccccc2)Cc2cccnc2)cc1,,6.154901959985743
CHEMBL95368,Cc1ccc(S(=O)(=O)Nc2ccccc2C(=O)N(Cc2ccccc2)Cc2nccn2C)cc1,,6.154901959985743
CHEMBL316494,Cc1ccc(S(=O)(=O)Nc2ccccc2C(=O)N(Cc2cccnc2)Cc2cccnc2)cc1,,5.657577319177793
CHEMBL98180,Cc1ccc(S(=O)(=O)Nc2ccccc2C(=O)N(Cc2ccco2)Cc2nccn2C)cc1,,5.920818753952375
CHEMBL97646,Cc1ccc(S(=O)(=O)Nc2ccccc2C(=O)NC(C)c2ccccc2)cc1,,5.494850021680094
CHEMBL319775,Cc1ccc(S(=O)(=O)Nc2ccccc2C(=O)NC(c2ccccc2)C2CC2)cc1,,5.795880017344075
CHEMBL314328,Cc1ccc(S(=O)(=O)Nc2ccccc2C(=O)NCCc2ccccc2)cc1,,5.173925197299173
CHEMBL94764,Cc1ccc(S(=O)(=O)Nc2ccccc2C(=O)NCc2ccccc2)cc1,,5.3872161432802645
CHEMBL3262830,Cc1cccc(C)c1OCCN1CCN(CC(=O)Nc2nccs2)CC1,,4.065855188207523
CHEMBL384780,Cc1cccc(CNC(=O)NCC(c2ccccc2)C(C(=O)N(C(C)C)C(C)C)c2cccnc2)c1,,6.598599459218455
CHEMBL147039,Cc1cccc(CNC(=O)OCc2ccccc2)c1-c1c(C)cccc1C(=O)NCCC(C)C,,5.9430283238465815
CHEMBL148210,Cc1cccc(CNC(=O)OCc2ccccc2)c1-c1c(C)cccc1C(=O)NCCc1ccccn1,,5.9622265193037345
CHEMBL228491,Cc1cccc(S(=O)(=O)N[C@@H]2c3cc(C(=O)NCCc4ccccc4)ccc3OC(C)(C)[C@H]2O)c1,,6.468521082957745
CHEMBL3731891,Cc1ccccc1CN(CCCOc1ccc2c(c1)N(C)C(=O)C(C)(C)C(=O)N2C)CCc1cccnc1,,6.6020599913279625
CHEMBL3262799,Cc1ccccc1OCCN1CCN(C(=O)c2cccs2)CC1,,4.868702203402377
CHEMBL3262814,Cc1ccccc1OCCN1CCN(CC(=O)Nc2ccccc2)CC1,,4.927382523454764
CHEMBL3259850,Cc1ccccc1OCCN1CCN(CC(=O)Nc2nccs2)CC1,,5.906578314837765
CHEMBL4576889,Cc1noc(C)c1-c1nc(NCc2ccccn2)c2c(-c3ccccc3)cccc2n1,,7.045757490560675
CHEMBL387935,Clc1ccc(CCO[C@@H]2CCCC[C@H]2N2CCOCC2)cc1Cl,,5.443697499232712
CHEMBL4062996,Clc1cccc(-c2ncccc2CC(c2cccnc2)c2cccnc2)c1,,7.522878745280337
CHEMBL4085436,Clc1ccccc1-c1ncccc1CC(c1cccnc1)c1cccnc1,,7.638272163982407
CHEMBL4105245,Clc1ccccc1-c1ncccc1CC(c1cccnc1)c1cccnc1Cl,,7.585026652029182
CHEMBL4483629,Clc1nc(NCc2ccccn2)c2c(-c3ccccc3)cccc2n1,,7.154901959985743
CHEMBL3893861,Cn1c(=O)c(OCCCN(CCc2cccnc2)Cc2ccncc2)cc2ccccc21,,6.522878745280337
CHEMBL3937958,Cn1c(=O)ccc2cc(OCCCCCN(CCCc3ccccc3)Cc3cccnc3)ccc21,,6.0915149811213505
CHEMBL3904810,Cn1c(=O)ccc2cc(OCCCCCN(CCCc3ccccc3)c3cccnc3)ccc21,,6.221848749616356
CHEMBL3943457,Cn1c(=O)ccc2cc(OCCCCCN(CCc3cccnc3)C(=O)c3cccnc3)ccc21,,5.853871964321762
CHEMBL3975620,Cn1c(=O)ccc2cc(OCCCCCN(Cc3cccnc3)Cc3cccnc3)ccc21,,6.292429823902063
CHEMBL3902378,Cn1c(=O)ccc2cc(OCCCN(CCc3ccccn3)Cc3ccncc3)ccc21,,5.200659450546418
CHEMBL1290064,Cn1cccc1CC(=O)NCC(C)(C)CN(C1=NS(=O)(=O)c2cc(F)ccc21)c1ccccc1,,5.856985199745905
CHEMBL1289070,Cn1ccnc1C(=O)NCC(C)(C)CN(C1=NS(=O)(=O)c2cc(F)ccc21)c1ccccc1,,6.2839966563652006
CHEMBL1290740,Cn1cnc(C(=O)NCC(C)(C)CN(C2=NS(=O)(=O)c3cc(F)ccc32)c2ccccc2)c1,,4.856985199745905
CHEMBL4075394,FC(F)(F)Oc1cccc(-c2ncccc2CC(c2cccnc2)c2cccnc2)c1,,7.481486060122112
CHEMBL4441178,FC(F)(F)c1ccc(-c2cccc3nc(-c4cncnc4)nc(NCc4ccccn4)c23)cc1,,6.823908740944319
CHEMBL4100098,FC(F)(F)c1cccc(-c2ncccc2CC(c2cccnc2)c2cccnc2)c1,,7.075720713938118
CHEMBL4521058,FC(F)(F)c1nc(NCc2ccccn2)c2c(-c3ccccc3)cccc2n1,,7.096910013008056
CHEMBL4450583,Fc1ccc(-c2cccc3nc(-c4cncnc4)nc(NCc4ccccn4)c23)cc1,,6.6020599913279625
CHEMBL4074093,Fc1ccc(CC(c2cccnc2)c2cccnc2)c(-c2cccc(C(F)(F)F)c2)c1,,5.8941493256148565
CHEMBL4075240,Fc1ccc(CC(c2cccnc2)c2cccnc2)c(-c2cn[nH]c2)c1,>,5.0
CHEMBL4096382,Fc1ccc(CC(c2cccnc2)c2cccnc2)c(C2CC2)c1,>,5.0
CHEMBL2313228,N#CCCCN(c1cccnc1)P(=O)(c1ccccc1)c1ccccc1,,5.721246399047171
CHEMBL4437080,N#Cc1ccc(-c2nc(NCc3ccccn3)c3c(-c4ccccc4)cccc3n2)cn1,,6.886056647693163
CHEMBL3262806,N#Cc1ccc(OCCN2CCN(C(=O)c3ccccc3)CC2)cc1,,5.373659632624958
CHEMBL3262840,N#Cc1ccc(OCCN2CCN(C(=O)c3cccs3)CC2)cc1,,4.992679047077256
CHEMBL3262817,N#Cc1ccc(OCCN2CCN(CC(=O)Nc3ccccc3)CC2)cc1,,5.040958607678906
CHEMBL3262836,N#Cc1ccc(OCCN2CCN(CC(=O)Nc3nccs3)CC2)cc1,,6.013228265733755
CHEMBL3127417,N#Cc1ccc(S(=O)(=O)N(Cc2ccc(F)cc2)C[C@@H]2CCC(=O)N2)cc1,>,4.522878745280337
CHEMBL4068841,N#Cc1cccc(-c2cc(F)ccc2CC(c2cccnc2)c2cccnc2)c1,,6.866461091629782
CHEMBL4098469,N#Cc1cccc(-c2cccc(Cl)c2CC(c2cccnc2)c2cccnc2)c1,,5.5428753736965914
CHEMBL2312930,N#Cc1cccc(-c2ncccc2CNP(=O)(c2ccccc2)c2ccccc2)c1,,6.267606240177032
CHEMBL2312919,N#Cc1cccc(NP(=O)(c2ccccc2)c2ccccc2)c1,,4.958607314841775
CHEMBL3127397,N#Cc1cccc(S(=O)(=O)N(CC[C@@H]2CCC(=O)N2)Cc2ccc(F)cc2)c1,,5.568636235841013
CHEMBL3127400,N#Cc1cccc(S(=O)(=O)N(CCc2ccc(F)cc2)C[C@@H]2CCC(=O)N2)c1,>,5.0
CHEMBL3127401,N#Cc1cccc(S(=O)(=O)N(Cc2ccc(Cl)cc2)C[C@@H]2CCC(=O)N2)c1,,5.657577319177793
CHEMBL3127416,N#Cc1cccc(S(=O)(=O)N(Cc2ccc(F)cc2)C[C@@H]2CCC(=O)N2)c1,,5.585026652029182
CHEMBL3127396,N#Cc1cccc(S(=O)(=O)N(Cc2ccc(F)cc2)C[C@@H]2CCCC(=O)N2)c1,,5.119186407719209
CHEMBL3127419,N#Cc1cccc(S(=O)(=O)N(Cc2ccc(F)cc2)C[C@H]2CCC(=O)N2)c1,,5.060480747381382
CHEMBL3127402,N#Cc1cccc(S(=O)(=O)N(Cc2cccc(Cl)c2)C[C@@H]2CCC(=O)N2)c1,,5.366531544420414
CHEMBL3127403,N#Cc1cccc(S(=O)(=O)N(Cc2ccccc2Cl)C[C@@H]2CCC(=O)N2)c1,>,5.0
CHEMBL3127418,N#Cc1ccccc1S(=O)(=O)N(Cc1ccc(F)cc1)C[C@@H]1CCC(=O)N1,>,4.522878745280337
CHEMBL4169078,N#Cc1cnc(Nc2cc(NC[C@H]3CNCCO3)c(C(F)(F)F)cn2)cn1,>,5.0
CHEMBL4450487,N#Cc1nc(NCc2ccccn2)c2c(-c3ccccc3)cccc2n1,,7.301029995663981
CHEMBL405821,NC(=O)C(c1ccccc1)(c1ccc(F)cc1)c1ccc(F)cc1,>,6.0
CHEMBL144117,NC(=O)[C@H](Cc1ccccc1)NC(=O)c1ccccc1-c1ccccc1CNS(=O)(=O)c1cccc(C(F)(F)F)c1,,5.318758762624412
CHEMBL358799,NC(=O)[C@H](Cc1ccccc1)NC(=O)c1ccccc1-c1ccccc1CNS(=O)(=O)c1cccc2ccccc12,,5.040958607678906
CHEMBL4072025,NC(=O)c1ccc(-c2nc(NCc3ccccn3)c3c(-c4ccccc4)cccc3n2)cn1,,7.0
CHEMBL3127405,NC(=O)c1ccc(N(Cc2ccc(F)cc2)S(=O)(=O)c2ccccc2F)cc1,,5.657577319177793
CHEMBL1090816,NC(c1ccccc1)C(O)(c1cccnc1)c1cccnc1,,4.785421046429501
CHEMBL4094440,NS(=O)(=O)c1cncc(-c2nc(NCc3ccccn3)c3c(-c4ccccc4)cccc3n2)c1,,7.337242168318426
CHEMBL3355573,N[C@@H](Cn1c(=O)cnc2ccc(F)cc21)[C@H]1CC[C@H](NCc2ncc3c(n2)NC(=O)CO3)CC1,>,4.0
CHEMBL4067665,Nc1cccc(C(Cc2cccnc2-c2cc(Cl)cc(Cl)c2)c2cccnc2)n1,,7.2076083105017466
CHEMBL4088894,Nc1cccc(C(Cc2cccnc2-c2cccc(C(F)(F)F)c2)c2cccnc2)n1,,7.251811972993799
CHEMBL4102309,Nc1cccc(C(c2cccnc2)C(O)c2cccnc2-c2cc(Cl)cc(Cl)c2)n1,,6.815308569182402
CHEMBL3621636,Nc1nc(/C=C/CNC(=O)c2cc(Br)c[nH]2)c[nH]1,,5.119186407719209
CHEMBL4207745,Nc1nc(/C=C/CNC(=O)c2cc(Cl)c(Cl)[nH]2)c[nH]1,,5.214670164989233
CHEMBL4210636,Nc1nc(/C=C/CNC(=O)c2cc3cc(Cl)ccc3[nH]2)c[nH]1,>,4.522878745280337
CHEMBL3261431,Nc1nc(/C=C/CNC(=O)c2cc3cc(F)ccc3[nH]2)c[nH]1,>,4.522878745280337
CHEMBL3261430,Nc1nc(/C=C/CNC(=O)c2cc3ccccc3[nH]2)c[nH]1,>,4.522878745280337
CHEMBL397591,Nc1ncc(/C=C/CNC(=O)c2cc(Br)c(Br)[nH]2)[nH]1,,4.795880017344075
CHEMBL465679,Nc1ncc(/C=C/CNC(=O)c2ccc[nH]2)[nH]1,>,4.522878745280337
CHEMBL3262816,O=C(CN1CCN(CCOc2ccc(Cl)cc2)CC1)Nc1ccccc1,,5.3585258894959
CHEMBL3262825,O=C(CN1CCN(CCOc2ccc(Cl)cc2)CC1)Nc1ccccc1Cl,,5.444905551421681
CHEMBL3262837,O=C(CN1CCN(CCOc2ccc(Cl)cc2)CC1)Nc1nccs1,,5.285670240254767
CHEMBL3262815,O=C(CN1CCN(CCOc2ccc(OC(F)(F)F)cc2)CC1)Nc1ccccc1,,5.134896025358872
CHEMBL3262833,O=C(CN1CCN(CCOc2ccc(OC(F)(F)F)cc2)CC1)Nc1nccs1,,5.640164517660112
CHEMBL3262839,O=C(CN1CCN(CCOc2ccc3ccccc3c2)CC1)Nc1nccs1,,4.167299529039433
CHEMBL3262813,O=C(CN1CCN(CCOc2ccccc2)CC1)Nc1ccccc1,,4.544089759617257
CHEMBL3262824,O=C(CN1CCN(CCOc2ccccc2)CC1)Nc1ccccc1Cl,,4.531357331608489
CHEMBL3262826,O=C(CN1CCN(CCOc2ccccc2)CC1)Nc1nccs1,,4.532539890492736
CHEMBL3262835,O=C(CN1CCN(CCOc2ccccc2Cl)CC1)Nc1nccs1,,5.4698003017969175
CHEMBL386020,O=C(N/N=C1\CCCc2[nH]ccc21)Nc1ccc(Cl)cc1,,5.251811972993799
CHEMBL343456,O=C(NC1CCCCC1)c1cccc2cccc(NS(=O)(=O)c3ccc(Cl)cc3)c12,,5.022276394711152
CHEMBL652,O=C(NCC1CCCCN1)c1cc(OCC(F)(F)F)ccc1OCC(F)(F)F,,4.292429823902063
CHEMBL2164389,O=C(NCc1ccc(OC(F)(F)F)cc1)C1c2ccccc2C(=O)N1CCc1ccccn1,,5.823908740944319
CHEMBL97682,O=C(NCc1ccccc1)c1cc(Cl)ccc1NS(=O)(=O)c1ccc(Cl)cc1,,5.251811972993799
CHEMBL148159,O=C(NCc1ccccc1-c1ccccc1C(=O)NCCc1ccccn1)OCc1ccccc1,,6.154901959985743
CHEMBL147315,O=C(NCc1ccccc1-c1ccccc1C(=O)NCc1ccc(F)cc1F)OCc1ccccc1,,5.920818753952375
CHEMBL3786013,O=C(NCc1ccncc1)C1c2ccccc2C(=O)N1Cc1ccccc1-c1ccccc1,,4.886056647693163
CHEMBL3262805,O=C(c1ccccc1)N1CCN(CCOc2ccc(Cl)cc2)CC1,,5.401209493236885
CHEMBL3262804,O=C(c1ccccc1)N1CCN(CCOc2ccccc2)CC1,,4.411392195257314
CHEMBL3262812,O=C(c1ccccc1Cl)N1CCN(CCOc2ccccc2)CC1,,4.24603413413484
CHEMBL3262842,O=C(c1cccs1)N1CCN(CCOc2ccc(Br)cc2)CC1,,4.914352711703144
CHEMBL3262802,O=C(c1cccs1)N1CCN(CCOc2ccc(Cl)cc2)CC1,,6.142667503568731
CHEMBL3262803,O=C(c1cccs1)N1CCN(CCOc2ccc(Cl)cc2Cl)CC1,,5.8297382846050425
CHEMBL3262841,O=C(c1cccs1)N1CCN(CCOc2ccc(F)cc2)CC1,,4.8958544494459915
CHEMBL3262801,O=C(c1cccs1)N1CCN(CCOc2ccc(OC(F)(F)F)cc2)CC1,,5.1911141326401875
CHEMBL3262797,O=C(c1cccs1)N1CCN(CCOc2ccccc2)CC1,,4.425968732272281
CHEMBL3262843,O=C(c1cccs1)N1CCN(CCOc2ccccc2Cl)CC1,,5.011441043121384
CHEMBL3262796,O=C(c1cccs1)N1CCN(c2ccc(OC(F)(F)F)cc2)CC1,,4.315513707811266
CHEMBL229125,O=C1CCN([C@@H]2CCCC[C@H]2OCCc2cccc3ccccc23)C1,,5.297839766389135
CHEMBL375475,O=C1CCN([C@H]2CCCC[C@@H]2OCCc2cccc3ccccc23)C1,,5.113509274827518
CHEMBL3127412,O=C1CC[C@@H](CN(Cc2ccc(F)cc2)S(=O)(=O)c2cc(Cl)cc(Cl)c2)N1,,5.0915149811213505
CHEMBL3127408,O=C1CC[C@@H](CN(Cc2ccc(F)cc2)S(=O)(=O)c2ccc(F)cc2)N1,,5.3872161432802645
CHEMBL3127411,O=C1CC[C@@H](CN(Cc2ccc(F)cc2)S(=O)(=O)c2cccc(Cl)c2)N1,,6.096910013008056
CHEMBL3127410,O=C1CC[C@@H](CN(Cc2ccc(F)cc2)S(=O)(=O)c2cccc(F)c2)N1,,5.142667503568732
CHEMBL3127414,O=C1CC[C@@H](CN(Cc2ccc(F)cc2)S(=O)(=O)c2cccc3c2OCCO3)N1,>,5.0
CHEMBL3127409,O=C1CC[C@@H](CN(Cc2ccc(F)cc2)S(=O)(=O)c2ccccc2)N1,,5.055517327849831
CHEMBL387104,O=C1CSC(c2ccc(Cl)c(Cl)c2)N1OCc1ccccc1,,6.334419008982047
CHEMBL217096,O=C1CSC(c2ccc(Cl)cc2)N1OCc1ccccc1,,6.001304841688344
CHEMBL12713,O=C1NCCN1CCN1CCC(c2cn(-c3ccc(F)cc3)c3ccc(Cl)cc23)CC1,,5.698970004336019
CHEMBL3957181,O=C1NCCc2cc(OCCCN(CCc3cccnc3)Cc3ccncc3)ccc21,,6.026872146400302
CHEMBL2312924,O=P(NCc1ccccc1-c1cccnc1)(c1ccccc1)c1ccccc1,,5.638272163982407
CHEMBL2312931,O=P(NCc1cccnc1-c1cc(Cl)cc(Cl)c1)(c1ccccc1)c1ccccc1,,7.096910013008056
CHEMBL2312929,O=P(NCc1cccnc1-c1cccc(Cl)c1)(c1ccccc1)c1ccccc1,,6.481486060122113
CHEMBL2312932,O=P(NCc1cccnc1-c1cccnc1)(c1ccccc1)c1ccccc1,,5.568636235841013
CHEMBL2312923,O=P(Nc1cc(F)ccc1-n1cccn1)(c1ccccc1)c1ccccc1,,5.3872161432802645
CHEMBL2313224,O=P(Nc1cccnc1)(c1ccccc1)c1ccccc1,>,4.522878745280337
CHEMBL2312926,O=P(c1ccccc1)(c1ccccc1)C(c1ccccc1)c1cccnc1,,7.0
CHEMBL2312927,O=P(c1ccccc1)(c1ccccc1)C(c1cccnc1)N1CCCCC1,,6.853871964321762
CHEMBL2312925,O=P(c1ccccc1)(c1ccccc1)C(c1cccnc1)c1cccnc1,,6.7447274948966935
CHEMBL2313229,O=P(c1ccccc1)(c1ccccc1)N(Cc1ccccn1)Cc1ccccn1,,5.886056647693163
CHEMBL2313226,O=P(c1ccccc1)(c1ccccc1)N(Cc1ccccn1)c1cccnc1,,6.275724130399211
CHEMBL2313225,O=P(c1ccccc1)(c1ccccc1)N(c1cccnc1)c1cccnc1,,5.795880017344075
CHEMBL3127407,O=S(=O)(c1ccc(F)cc1)N(Cc1ccc(F)cc1)Cc1ccccn1,,5.698970004336019
CHEMBL4082779,O=S(=O)(c1cccc(Nc2nc(-c3cncnc3)nc3cccc(-c4ccccc4)c23)c1)N1CCOCC1,,7.096910013008056
CHEMBL4084636,O=S(=O)(c1cccc(Nc2nc(Cl)nc3cccc(-c4ccccc4)c23)c1)N1CCOCC1,,6.6777807052660805
CHEMBL3127406,O=S(=O)(c1ccccc1F)N(Cc1ccccc1)Cc1ccc(F)cc1,,5.318758762624412
CHEMBL444449,O=c1ccc2c(OCCCCOc3ccccc3)c3ccoc3cc2o1,,6.258849116388278
CHEMBL1088805,OC(Cc1ccccc1)(c1cccnc1)c1cccnc1,,5.148313684557572
CHEMBL4094177,OC(Cc1cccnc1-c1cc(Cl)cc(Cl)c1)(c1cccnc1)c1cccnc1,,7.075720713938118
CHEMBL4084347,OC(Cc1cccnc1-c1cccc(C(F)(F)F)c1)(c1cccnc1F)c1cccnc1F,,6.709965388637482
CHEMBL1091863,OC(c1ccccc1)(c1ccccc1)C(c1ccccc1)N1CCOCC1,,6.690369832574102
CHEMBL1091880,OC(c1cccnc1)(c1cccnc1)C(Cc1ccccc1)N1CCOCC1,,5.305745887974721
CHEMBL1090818,OC(c1cccnc1)(c1cccnc1)C(c1ccccc1)N1CCC1,,5.653255945395151
CHEMBL1089159,OC(c1cccnc1)(c1cccnc1)C(c1ccccc1)N1CCCC1,,6.546681659952962
CHEMBL1090160,OC(c1cccnc1)(c1cccnc1)C(c1ccccc1)N1CCCCC1,,6.686132779630847
CHEMBL1091163,OC(c1cccnc1)(c1cccnc1)C(c1ccccc1)N1CCCOCC1,,6.286509456906058
CHEMBL1090159,OC(c1cccnc1)(c1cccnc1)C(c1ccccc1)N1CCNCC1,,5.1004530689091325
CHEMBL1090794,OC(c1cccnc1)(c1cccnc1)C(c1ccccc1)N1CCOCC1,,6.59176003468815
CHEMBL4074029,OC(c1cccnc1-c1cc(Cl)cc(Cl)c1)C(c1cccnc1)c1ccccn1,,6.632644078973981
CHEMBL4089812,OC(c1cccnc1-c1cccc(Cl)c1)C(c1cccnc1)c1cccnc1,,6.548213564475709
CHEMBL4094570,OC(c1cccnc1-c1cccc(Cl)c1)C(c1cccnc1)c1ncco1,,6.559090917934782
CHEMBL4097545,OC(c1cccnc1-c1cccc(Cl)c1Cl)C(c1cccnc1)c1cccnc1,,6.958607314841775
CHEMBL4061731,OC(c1cccnc1-c1ccccc1Cl)C(c1cccnc1)c1cccnc1,,6.767003889607846
CHEMBL1090791,OCC(c1ccccc1)N1CCOCC1,>,4.221848749616356
CHEMBL4104525,O[C@@H](c1cccnc1-c1cc(Cl)cc(Cl)c1)C(c1cccnc1)c1cccnc1,,7.748104658471409
CHEMBL4076764,O[C@@H](c1cccnc1-c1cccc(C(F)(F)F)c1)C(c1cccnc1)c1cccnc1,,6.5376020021010435
CHEMBL4081790,Oc1ccc(-c2nc(NCc3ccccn3)c3c(-c4ccccc4)cccc3n2)cn1,,6.958607314841775
CHEMBL4099807,c1ccc(-c2cccc3nc(-c4cccnc4)nc(NCc4ccccn4)c23)cc1,,7.221848749616356
CHEMBL4521294,c1ccc(-c2cccc3nc(-c4ccncc4)nc(NCc4ccccn4)c23)cc1,,7.3979400086720375
CHEMBL4443183,c1ccc(-c2cccc3nc(-c4cn[nH]c4)nc(NCc4ccccn4)c23)cc1,,6.795880017344075
CHEMBL4097255,c1ccc(-c2cccc3nc(-c4cncnc4)nc(NCc4ccccn4)c23)cc1,,7.045757490560675
CHEMBL4532101,c1ccc(-c2cccc3nc(-c4cncs4)nc(NCc4ccccn4)c23)cc1,,7.301029995663981
CHEMBL4590051,c1ccc(-c2cccc3nc(C4CC4)nc(NCc4ccccn4)c23)cc1,,6.769551078621726
CHEMBL4089937,c1ccc(-c2ccccc2CC(c2cccnc2)c2cccnc2)cc1,,5.858236769724212
CHEMBL2152524,c1ccc([C@@H]([C@H](c2ccccc2)N2CCCC2)N2CCCC2)cc1,,6.522878745280337
CHEMBL2152522,c1ccc([C@@H]([C@H](c2ccccc2)N2CCCCC2)N2CCCCC2)cc1,,6.698970004336019
CHEMBL4468664,c1ccc([C@@H]([C@H](c2ccccn2)N2CCCCC2)N2CCCCC2)nc1,,5.318758762624412
CHEMBL2152525,c1ccc([C@H]([C@@H](c2ccccc2)N2CCCC2)N2CCCC2)cc1,,6.221848749616356
CHEMBL2152523,c1ccc([C@H]([C@@H](c2ccccc2)N2CCCCC2)N2CCCCC2)cc1,,6.285245742079336
CHEMBL4438854,c1ccc([C@H]([C@@H](c2ccccn2)N2CCCCC2)N2CCCCC2)nc1,,5.657577319177793
CHEMBL4533149,c1ccc([C@H]([C@H](c2ccccn2)N2CCCCC2)N2CCCCC2)nc1,,5.853871964321762
CHEMBL387671,c1ccc2c(CCO[C@@H]3CCCC[C@H]3N3CCOCC3)cccc2c1,,5.886056647693163
CHEMBL4097667,c1cncc(-c2ccccc2CC(c2cccnc2)c2cccnc2)c1,,7.1938200260161125
CHEMBL4087512,c1cncc(C(Cc2ccccc2-c2ccncc2)c2cccnc2)c1,,6.35261702988538
CHEMBL4079636,c1cncc(C(Cc2ccccc2-c2cncc3ccccc23)c2cccnc2)c1,,6.876148359032914
